Run, Vehicle_Length, Vehicle_Width, Vehicle_Height, Front_Overhang, Front_Planview, Hood_Angle, Approach_Angle, Windscreen_Angle, Greenhouse_Tapering, Backlight_Angle, Decklid_Height, Rearend_tapering, Rear_Overhang, Rear_Diffusor_Angle, Vehicle_Ride_Height, Vehicle_Pitch
1,186.075, -21.1234, 56.6198, 49.61, 61.7471, -30.2449, -16.5344, 80.4689, -44.4451, 66.191, -2.26029, 10.6193, -58.8039, 1.34009, 45.223, 0.83239
2,-13.9249, 78.8766, -43.3802, -75.39, -13.2529, 19.7551, 18.4656, -69.5311, 55.5549, -83.809, 47.7397, -69.3807, 66.1961, -48.6599, -4.77703, -0.16761
3,-113.925, 28.8766, -93.3802, -137.89, -50.7529, -5.24486, 0.965593, -144.531, 5.55494, 141.191, 22.7397, 50.6193, 3.69612, 26.3401, -29.777, -0.66761
4,86.0751, -71.1234, 6.61985, -12.89, 24.2471, 44.7551, -34.0344, 5.46888, -94.4451, -8.80901, -27.2603, -29.3807, -121.304, -23.6599, 20.223, 0.33239
5,236.075, -96.1234, 81.6198, -44.14, -69.5029, 32.2551, -7.78441, -32.0311, -19.4451, -46.309, 10.2397, -49.3807, -27.5539, -36.1599, -42.277, 0.0823902
6,36.0751, 3.87658, -18.3802, 80.86, 5.49711, -17.7449, 27.2156, 117.969, 80.5549, 103.691, -39.7603, 30.6193, 97.4461, 13.8401, 7.72297, -0.91761
7,-63.9249, -46.1234, -68.3802, 18.36, -32.0029, -42.7449, 9.71559, 42.9689, 30.5549, 28.691, 35.2397, -9.38066, 34.9461, -11.1599, -17.277, 0.58239
8,136.075, 53.8766, 31.6198, -106.64, 42.9971, 7.25514, -25.2844, -107.031, -69.4451, 178.691, -14.7603, -89.3807, -90.0539, 38.8401, 32.723, -0.41761
9,211.075, 41.3766, -30.8802, 2.73501, 71.1221, 1.00514, 22.8406, 24.2189, -31.9451, 159.941, -46.0103, -19.3807, -43.1789, 32.5901, 1.47297, 0.45739
10,11.0751, -58.6234, 69.1198, -122.265, -3.87789, -48.9949, -12.1594, -125.781, 68.0549, 9.94099, 3.98971, 60.6193, 81.8211, -17.4099, -48.527, -0.54261
11,-88.9249, 91.3766, 19.1198, 65.235, -41.3779, 26.0051, -29.6594, 99.2189, 18.0549, -65.059, -21.0103, 20.6193, 19.3211, -42.4099, 26.473, 0.95739
12,111.075, -8.62342, -80.8802, -59.765, 33.6221, -23.9949, 5.34059, -50.7811, -81.9451, 84.941, 28.9897, -59.3807, -105.679, 7.59009, -23.527, -0.0426098
13,-138.925, -33.6234, -5.88015, -91.015, -60.1279, -36.4949, -38.4094, -88.2811, -6.94506, 47.441, -33.5103, -79.3807, -11.9289, -4.90991, 13.973, -0.29261
14,61.0751, 66.3766, 94.1198, 33.985, 14.8721, 13.5051, -3.40941, 61.7189, 93.0549, 197.441, 16.4897, 0.619345, -136.929, 45.0901, -36.027, 0.70739
15,-38.9249, 16.3766, 44.1198, -28.515, -22.6279, -11.4949, -20.9094, -13.2811, 43.0549, 122.441, -8.51029, -39.3807, 50.5711, 20.0901, 38.973, 0.20739
16,161.075, -83.6234, -55.8802, 96.485, 52.3721, 38.5051, 14.0906, 136.719, -56.9451, -27.559, 41.4897, 40.6193, -74.4289, -29.9099, -11.027, -0.79261
17,198.575, 10.1266, 12.8698, 26.1725, -8.56539, 35.3801, 3.15309, -97.6561, -38.1951, 113.066, -24.1353, -4.38066, 74.0086, -33.0349, -26.652, -0.35511
18,-1.42491, -89.8734, -87.1302, -98.8275, 66.4346, -14.6199, -31.8469, 52.3439, 61.8049, -36.934, 25.8647, -84.3807, -50.9914, 16.9651, 23.348, 0.64489
19,-101.425, 60.1266, 62.8698, 88.6725, 28.9346, -39.6199, 20.6531, -22.6561, 11.8049, 188.066, 0.864705, 35.6193, -113.491, -8.03491, -1.65203, 0.14489
20,98.5751, -39.8734, -37.1302, -36.3275, -46.0654, 10.3801, -14.3469, 127.344, -88.1951, 38.066, -49.1353, -44.3807, 11.5086, 41.9651, 48.348, -0.85511
21,248.575, -64.8734, 37.8698, -67.5775, 10.1846, -2.11986, 11.9031, 89.8439, -13.1951, 0.565994, -11.6353, -64.3807, -144.741, 29.4651, -14.152, 0.89489
22,48.5751, 35.1266, -62.1302, 57.4225, -64.8154, 47.8801, -23.0969, -60.1561, 86.8049, 150.566, 38.3647, 15.6193, -19.7414, -20.5349, 35.848, -0.10511
23,-51.4249, -14.8734, 87.8698, -5.07749, 47.6846, 22.8801, 29.4031, -135.156, 36.8049, 75.566, 13.3647, -24.3807, -82.2414, -45.5349, 10.848, -0.60511
24,148.575, 85.1266, -12.1302, -130.077, -27.3154, -27.1199, -5.59691, 14.8439, -63.1951, -74.434, -36.6353, 55.6193, 42.7586, 4.46509, -39.152, 0.39489
25,223.575, 72.6266, -74.6302, -20.7025, 0.809607, -33.3699, -27.4719, 146.094, -25.6951, -93.184, 32.1147, -34.3807, 89.6336, -1.78491, 29.598, -0.73011
26,23.5751, -27.3734, 25.3698, -145.702, -74.1904, 16.6301, 7.52809, -3.90612, 74.3049, 56.816, -17.8853, 45.6193, -35.3664, 48.2151, -20.402, 0.26989
27,-76.4249, -77.3734, -24.6302, 41.7975, 38.3096, -8.36986, -9.97191, -78.9061, 24.3049, -18.184, -42.8853, 5.61934, -97.8664, 23.2151, -45.402, -0.23011
28,123.575, 22.6266, 75.3698, -83.2025, -36.6904, 41.6301, 25.0281, 71.0939, -75.6951, 131.816, 7.11471, -74.3807, 27.1336, -26.7849, 4.59797, 0.76989
29,-126.425, -2.37342, -49.6302, -114.452, 19.5596, 29.1301, -18.7219, 33.5939, -0.695056, 94.316, 44.6147, 65.6193, -129.116, -39.2849, 42.098, 0.51989
30,73.5751, 97.6266, 50.3698, 10.5475, -55.4404, -20.8699, 16.2781, -116.406, 99.3049, -55.684, -5.38529, -14.3807, -4.11638, 10.7151, -7.90203, -0.48011
31,-26.4249, 47.6266, 0.369847, -51.9525, 57.0596, -45.8699, -1.22191, 108.594, 49.3049, 169.316, -30.3853, -54.3807, -66.6164, -14.2849, -32.902, -0.98011
32,173.575, -52.3734, -99.6302, 73.0475, -17.9404, 4.13014, -36.2219, -41.4061, -50.6951, 19.316, 19.6147, 25.6193, 58.3836, 35.7151, 17.098, 0.0198902
33,192.325, -5.49842, -65.2552, 37.8913, 26.5909, -47.4324, -6.69066, -8.59362, 58.6799, -60.3715, -13.1978, -76.8807, 7.60237, 34.1526, 9.28547, -0.76136
34,-7.67491, 94.5016, 34.7448, -87.1087, -48.4091, 2.56764, 28.3093, 141.406, -41.3201, 89.6285, 36.8022, 3.11934, -117.398, -15.8474, -40.7145, 0.23864
35,-107.675, 44.5016, -15.2552, -149.609, 64.0909, -22.4324, 10.8093, 66.4064, -91.3201, 14.6285, 11.8022, -36.8807, 70.1024, -40.8474, 34.2855, -0.26136
36,92.3251, -55.4984, 84.7448, -24.6087, -10.9091, 27.5676, -24.1907, -83.5936, 8.67994, 164.628, -38.1978, 43.1193, -54.8976, 9.15259, -15.7145, 0.73864
37,242.325, -80.4984, -40.2552, -55.8587, 45.3409, 15.0676, 2.05934, -121.094, 83.6799, 127.128, -0.697795, 23.1193, 38.8524, -3.34741, 21.7855, 0.48864
38,42.3251, 19.5016, 59.7448, 69.1413, -29.6591, -34.9324, -32.9407, 28.9064, -16.3201, -22.8715, 49.3022, -56.8807, -86.1476, 46.6526, -28.2145, -0.51136
39,-57.6749, -30.4984, 9.74485, 6.64126, -67.1591, 40.0676, 19.5593, -46.0936, -66.3201, -97.8715, 24.3022, 63.1193, -148.648, 21.6526, 46.7855, 0.98864
40,142.325, 69.5016, -90.2552, -118.359, 7.84086, -9.93236, -15.4407, 103.906, 33.6799, 52.1285, -25.6978, -16.8807, -23.6476, -28.3474, -3.21453, -0.0113598
41,217.325, 57.0016, 47.2448, -8.98374, 35.9659, -16.1824, -37.3157, -64.8436, 71.1799, 33.3785, 43.0522, 53.1193, 23.2274, -34.5974, -34.4645, 0.86364
42,17.3251, -42.9984, -52.7552, -133.984, -39.0341, 33.8176, -2.31566, 85.1564, -28.8201, 183.378, -6.94779, -26.8807, -101.773, 15.4026, 15.5355, -0.13636
43,-82.6749, -92.9984, 97.2448, 53.5163, 73.4659, 8.81764, -19.8157, 10.1564, -78.8201, 108.378, -31.9478, -66.8807, 85.7274, -9.59741, -9.46453, -0.63636
44,117.325, 7.00158, -2.75515, -71.4837, -1.53414, -41.1824, 15.1843, -139.844, 21.1799, -41.6215, 18.0522, 13.1193, -39.2726, 40.4026, 40.5355, 0.36364
45,-132.675, -17.9984, 72.2448, -102.734, 54.7159, 46.3176, -28.5657, 122.656, 96.1799, -79.1215, -44.4478, -6.88066, 54.4774, 27.9026, -21.9645, 0.11364
46,67.3251, 82.0016, -27.7552, 22.2663, -20.2841, -3.68236, 6.43434, -27.3436, -3.82006, 70.8785, 5.55221, -86.8807, -70.5226, -22.0974, 28.0355, -0.88636
47,-32.6749, 32.0016, -77.7552, -40.2337, -57.7841, -28.6824, -11.0657, -102.344, -53.8201, -4.12151, -19.4478, 33.1193, -133.023, -47.0974, 3.03547, 0.61364
48,167.325, -67.9984, 22.2448, 84.7663, 17.2159, 21.3176, 23.9343, 47.6564, 46.1799, 145.878, 30.5522, -46.8807, -8.02263, 2.90259, -46.9645, -0.38636
49,204.825, 25.7516, 90.9948, 14.4538, -43.7216, 18.1926, 12.9968, 113.281, 64.9299, -13.4965, -35.0728, 68.1193, -109.585, -0.222409, 37.4105, 0.0511402
50,4.82509, -74.2484, -9.00515, -110.546, 31.2784, -31.8074, -22.0032, -36.7186, -35.0701, 136.503, 14.9272, -11.8807, 15.4149, 49.7776, -12.5895, -0.94886
51,-95.1749, 75.7516, -59.0052, 76.9538, -6.22164, 43.1926, -39.5032, -111.719, -85.0701, 61.5035, -10.0728, -51.8807, -47.0851, 24.7776, -37.5895, 0.55114
52,104.825, -24.2484, 40.9948, -48.0462, 68.7784, -6.80736, -4.50316, 38.2814, 14.9299, -88.4965, 39.9272, 28.1193, 77.9149, -25.2224, 12.4105, -0.44886
53,-145.175, -49.2484, -84.0052, -79.2962, -24.9716, -19.3074, 21.7468, 0.781381, 89.9299, 174.003, -22.5728, 8.11934, -78.3351, -37.7224, 49.9105, -0.69886
54,54.8251, 50.7516, 15.9948, 45.7038, 50.0284, 30.6926, -13.2532, -149.219, -10.0701, 24.0035, 27.4272, -71.8807, 46.6649, 12.2776, -0.0895262, 0.30114
55,-45.1749, 0.751585, -34.0052, -16.7962, 12.5284, 5.69264, -30.7532, 75.7814, -60.0701, -50.9965, 2.42721, 48.1193, -15.8351, -12.7224, -25.0895, -0.19886
56,154.825, -99.2484, 65.9948, -141.796, -62.4716, -44.3074, 4.24684, -74.2186, 39.9299, 99.0035, -47.5728, -31.8807, -140.835, 37.2776, 24.9105, 0.80114
57,229.825, 88.2516, 3.49485, -32.4212, -34.3466, 49.4426, -17.6282, 57.0314, 77.4299, 80.2535, 21.1772, 38.1193, -93.9601, 31.0276, -6.33953, -0.32386
58,29.8251, -11.7484, -96.5052, 92.5788, 40.6534, -0.557363, 17.3718, -92.9686, -22.5701, -69.7465, -28.8228, -41.8807, 31.0399, -18.9724, 43.6605, 0.67614
59,-70.1749, -61.7484, 53.4948, 30.0788, 3.15336, -25.5574, -0.128157, 132.031, -72.5701, 155.253, 46.1772, -81.8807, -31.4601, -43.9724, 18.6605, 0.17614
60,129.825, 38.2516, -46.5052, -94.9212, -71.8466, 24.4426, -35.1282, -17.9686, 27.4299, 5.25349, -3.82279, -1.88066, 93.5399, 6.02759, -31.3395, -0.82386
61,-120.175, 13.2516, 28.4948, -126.171, -15.5966, 11.9426, -8.87816, -55.4686, -97.5701, -32.2465, 33.6772, -21.8807, -62.7101, -6.47241, 6.16047, 0.92614
62,79.8251, -86.7484, -71.5052, -1.17124, 59.4034, -38.0574, 26.1218, 94.5314, 2.42994, 117.753, -16.3228, 58.1193, 62.2899, 43.5276, -43.8395, -0.0738598
63,-20.1749, 63.2516, 78.4948, -63.6712, 21.9034, 36.9426, 8.62184, 19.5314, -47.5701, 42.7535, -41.3228, 18.1193, -0.21013, 18.5276, 31.1605, -0.57386
64,179.825, -36.7484, -21.5052, 61.3288, -53.0966, -13.0574, -26.3782, -130.469, 52.4299, 192.753, 8.67721, -61.8807, -125.21, -31.4724, -18.8395, 0.42614
65,189.2, -13.3109, 95.6823, 43.7506, 44.169, 11.1614, -11.6125, -114.062, -92.8826, 2.90974, -7.72904, -33.1307, 99.3992, 17.7463, 27.2542, -0.964485
66,-10.7999, 86.6891, -4.31765, -81.2494, -30.831, -38.8386, 23.3875, 35.9376, 7.11744, 152.91, 42.271, 46.8693, -25.6008, -32.2537, -22.7458, 0.0355152
67,-110.8, 36.6891, -54.3177, -143.749, -68.331, 36.1614, 5.88747, -39.0624, -42.8826, 77.9097, 17.271, 6.86934, -88.1008, 42.7463, -47.7458, -0.464485
68,89.2001, -63.3109, 45.6823, -18.7494, 6.66898, -13.8386, -29.1125, 110.938, 57.1174, -72.0903, -32.729, -73.1307, 36.8992, -7.25366, 2.25422, 0.535515
69,239.2, -88.3109, -79.3177, -49.9994, 62.919, -26.3386, -2.86253, 73.4376, -67.8826, 190.41, 4.77096, 66.8693, -119.351, -19.7537, 39.7542, 0.285515
70,39.2001, 11.6891, 20.6823, 75.0006, -12.081, 23.6614, -37.8625, -76.5624, 32.1174, 40.4097, -45.229, -13.1307, 5.64924, 30.2463, -10.2458, -0.714485
71,-60.7999, -38.3109, -29.3177, 12.5006, -49.581, -1.33861, 14.6375, 148.438, -17.8826, -34.5903, 29.771, -53.1307, -56.8508, 5.24634, -35.2458, 0.785515
72,139.2, 61.6891, 70.6823, -112.499, 25.419, 48.6614, -20.3625, -1.56237, 82.1174, 115.41, -20.229, 26.8693, 68.1492, -44.7537, 14.7542, -0.214485
73,214.2, 49.1891, 8.18235, -3.12437, 53.544, 42.4114, 27.7625, 129.688, -80.3826, 96.6597, 48.521, -63.1307, -134.976, 48.9963, -16.4958, 0.660515
74,14.2001, -50.8109, -91.8177, -128.124, -21.456, -7.58861, -7.23753, -20.3124, 19.6174, -53.3403, -1.47904, 16.8693, -9.97576, -1.00366, 33.5042, -0.339485
75,-85.7999, 99.1891, 58.1823, 59.3756, -58.956, -32.5886, -24.7375, -95.3124, -30.3826, 171.66, -26.479, -23.1307, -72.4758, -26.0037, 8.50422, -0.839485
76,114.2, -0.810915, -41.8177, -65.6244, 16.044, 17.4114, 10.2625, 54.6876, 69.6174, 21.6597, 23.521, 56.8693, 52.5242, 23.9963, -41.4958, 0.160515
77,-135.8, -25.8109, 33.1823, -96.8744, 72.294, 4.91139, -33.4875, 17.1876, -55.3826, -15.8403, -38.979, 36.8693, -103.726, 11.4963, -3.99578, -0.0894848
78,64.2001, 74.1891, -66.8177, 28.1256, -2.70602, -45.0886, 1.51247, -132.812, 44.6174, 134.16, 11.021, -43.1307, 21.2742, -38.5037, 46.0042, 0.910515
79,-35.7999, 24.1891, 83.1823, -34.3744, -40.206, 29.9114, -15.9875, 92.1876, -5.38256, 59.1597, -13.979, -83.1307, -41.2258, 36.4963, 21.0042, 0.410515
80,164.2, -75.8109, -16.8177, 90.6256, 34.794, -20.0886, 19.0125, -57.8124, 94.6174, -90.8403, 36.021, -3.13066, 83.7742, -13.5037, -28.9958, -0.589485
81,201.7, 17.9391, 51.9323, 20.3131, -26.1435, -23.2136, 8.07497, 7.81263, -86.6326, 49.7847, -29.604, -48.1307, -17.7883, -16.6287, -44.6208, -0.151985
82,1.70009, -82.0609, -48.0677, -104.687, 48.8565, 26.7864, -26.925, -142.187, 13.3674, 199.785, 20.396, 31.8693, -142.788, 33.3713, 5.37922, 0.848015
83,-98.2999, 67.9391, -98.0677, 82.8131, 11.3565, 1.78639, 25.575, 82.8126, -36.6326, 124.785, -4.60404, -8.13066, 44.7117, 8.37134, -19.6208, 0.348015
84,101.7, -32.0609, 1.93235, -42.1869, -63.6435, -48.2136, -9.42503, -67.1874, 63.3674, -25.2153, 45.396, -88.1307, -80.2883, -41.6287, 30.3792, -0.651985
85,-148.3, -57.0609, 76.9323, -73.4369, -7.39352, 39.2864, 16.825, -104.687, -61.6326, -62.7153, -17.104, 51.8693, 13.4617, 45.8713, -32.1208, -0.901985
86,51.7001, 42.9391, -23.0677, 51.5631, 67.6065, -10.7136, -18.175, 45.3126, 38.3674, 87.2847, 32.896, -28.1307, -111.538, -4.12866, 17.8792, 0.0980152
87,-48.2999, -7.06092, -73.0677, -10.9369, 30.1065, -35.7136, -35.675, -29.6874, -11.6326, 12.2847, 7.89596, -68.1307, 75.9617, -29.1287, -7.12078, -0.401985
88,151.7, 92.9391, 26.9323, -135.937, -44.8935, 14.2864, -0.675032, 120.313, 88.3674, 162.285, -42.104, 11.8693, -49.0383, 20.8713, 42.8792, 0.598015
89,226.7, 80.4391, -35.5677, -26.5619, -16.7685, 8.03639, -22.55, -48.4374, -74.1326, 143.535, 26.646, -78.1307, -2.16326, 14.6213, 11.6292, -0.526985
90,26.7001, -19.5609, 64.4323, 98.4381, 58.2315, -41.9636, 12.45, 101.563, 25.8674, -6.46526, -23.354, 1.86934, -127.163, -35.3787, -38.3708, 0.473015
91,-73.2999, -69.5609, 14.4323, 35.9381, 20.7315, 33.0364, -5.05003, 26.5626, -24.1326, -81.4653, -48.354, -38.1307, 60.3367, 39.6213, 36.6292, -0.0269848
92,126.7, 30.4391, -85.5677, -89.0619, -54.2685, -16.9636, 29.95, -123.437, 75.8674, 68.5347, 1.64596, 41.8693, -64.6633, -10.3787, -13.3708, 0.973015
93,-123.3, 5.43908, -10.5677, -120.312, 1.98148, -29.4636, -13.8, 139.063, -49.1326, 31.0347, 39.146, 21.8693, 29.0867, -22.8787, 24.1292, 0.723015
94,76.7001, -94.5609, 89.4323, 4.68813, -73.0185, 20.5364, 21.2, -10.9374, 50.8674, 181.035, -10.854, -58.1307, -95.9133, 27.1213, -25.8708, -0.276985
95,-23.2999, 55.4391, 39.4323, -57.8119, 39.4815, -4.46361, 3.69997, -85.9374, 0.867444, 106.035, -35.854, 61.8693, 91.5867, 2.12134, 49.1292, -0.776985
96,176.7, -44.5609, -60.5677, 67.1881, -35.5185, 45.5364, -31.3, 64.0626, -99.1326, -43.9653, 14.146, -18.1307, -33.4133, -47.8787, -0.870776, 0.223015
97,195.45, 2.31408, -26.1927, 32.0319, 9.01273, -6.02611, -1.76878, 96.8751, 10.2424, 176.347, -18.6665, 39.3693, -84.1945, -49.4412, -8.68328, -0.558235
98,-4.54991, -97.6859, 73.8073, -92.9681, -65.9873, 43.9739, -36.7688, -53.1249, -89.7576, 26.3472, 31.3335, -40.6307, 40.8055, 0.558841, 41.3167, 0.441765
99,-104.55, 52.3141, 23.8073, 94.5319, 46.5127, 18.9739, 15.7312, -128.125, 60.2424, -48.6528, 6.33346, -80.6307, -21.6945, -24.4412, 16.3167, -0.0582348
100,95.4501, -47.6859, -76.1927, -30.4681, -28.4873, -31.0261, -19.2688, 21.8751, -39.7576, 101.347, -43.6665, -0.630655, -146.695, 25.5588, -33.6833, 0.941765
101,245.45, -72.6859, -1.19265, -61.7181, 27.7627, -43.5261, 6.98122, -15.6249, 35.2424, 63.8472, -6.16654, -20.6307, -52.9445, 13.0588, 3.81672, 0.691765
102,45.4501, 27.3141, 98.8073, 63.2819, -47.2373, 6.47389, -28.0188, 134.375, -64.7576, -86.1528, 43.8335, 59.3693, 72.0555, -36.9412, -46.1833, -0.308235
103,-54.5499, -22.6859, 48.8073, 0.781885, 65.2627, -18.5261, 24.4812, 59.3751, 85.2424, 138.847, 18.8335, 19.3693, 9.55549, 38.0588, 28.8167, -0.808235
104,145.45, 77.3141, -51.1927, -124.218, -9.73727, 31.4739, -10.5188, -90.6249, -14.7576, -11.1528, -31.1665, -60.6307, -115.445, -11.9412, -21.1833, 0.191765
105,220.45, 64.8141, 86.3073, -14.8431, 18.3877, 25.2239, -32.3938, 40.6251, 22.7424, -29.9028, 37.5835, 9.36934, -68.5695, -18.1912, 47.5667, -0.933235
106,20.4501, -35.1859, -13.6927, -139.843, -56.6123, -24.7761, 2.60622, -109.375, -77.2576, 120.097, -12.4165, -70.6307, 56.4305, 31.8088, -2.43328, 0.0667652
107,-79.5499, -85.1859, -63.6927, 47.6569, 55.8877, -49.7761, -14.8938, 115.625, 72.7424, 45.0972, -37.4165, 49.3693, -6.06951, 6.80884, -27.4333, -0.433235
108,120.45, 14.8141, 36.3073, -77.3431, -19.1123, 0.223887, 20.1062, -34.3749, -27.2576, 195.097, 12.5835, -30.6307, -131.07, -43.1912, 22.5667, 0.566765
109,-129.55, -10.1859, -88.6927, -108.593, 37.1377, -12.2761, -23.6438, -71.8749, 47.7424, 157.597, -49.9165, -50.6307, -37.3195, 44.3088, -39.9333, 0.316765
110,70.4501, 89.8141, 11.3073, 16.4069, -37.8623, 37.7239, 11.3562, 78.1251, -52.2576, 7.59724, 0.0834554, 29.3693, 87.6805, -5.69116, 10.0667, -0.683235
111,-29.5499, 39.8141, -38.6927, -46.0931, 74.6377, 12.7239, -6.14378, 3.12513, 97.7424, -67.4028, -24.9165, -10.6307, 25.1805, -30.6912, -14.9333, 0.816765
112,170.45, -60.1859, 61.3073, 78.9069, -0.362268, -37.2761, 28.8562, -146.875, -2.25756, 82.5972, 25.0835, 69.3693, -99.8195, 19.3088, 35.0667, -0.183235
113,207.95, 33.5641, -69.9427, 8.59438, -61.2998, -40.4011, 17.9187, -81.2499, 16.4924, -76.7778, -40.5415, 24.3693, 48.618, 16.1838, 19.4417, 0.254265
114,7.95009, -66.4359, 30.0573, -116.406, 13.7002, 9.59889, -17.0813, 68.7501, -83.5076, 73.2222, 9.45846, -55.6307, -76.382, -33.8162, -30.5583, -0.745735
115,-92.0499, 83.5641, -19.9427, 71.0944, -23.7998, -15.4011, -34.5813, -6.24987, 66.4924, -1.77776, -15.5415, 64.3693, -138.882, 41.1838, 44.4417, 0.754265
116,107.95, -16.4359, 80.0573, -53.9056, 51.2002, 34.5989, 0.418718, 143.75, -33.5076, 148.222, 34.4585, -15.6307, -13.882, -8.81616, -5.55828, -0.245735
117,-142.05, -41.4359, -44.9427, -85.1556, -42.5498, 22.0989, 26.6687, 106.25, 41.4924, 110.722, -28.0415, -35.6307, 79.868, -21.3162, 31.9417, -0.495735
118,57.9501, 58.5641, 55.0573, 39.8444, 32.4502, -27.9011, -8.33128, -43.7499, -58.5076, -39.2778, 21.9585, 44.3693, -45.132, 28.6838, -18.0583, 0.504265
119,-42.0499, 8.56408, 5.05735, -22.6556, -5.04977, 47.0989, -25.8313, -118.75, 91.4924, 185.722, -3.04154, 4.36934, -107.632, 3.68384, -43.0583, 0.00426519
120,157.95, -91.4359, -94.9427, -147.656, 69.9502, -2.90111, 9.16872, 31.2501, -8.50756, 35.7222, 46.9585, -75.6307, 17.368, -46.3162, 6.94172, -0.995735
121,232.95, 96.0641, 42.5573, -38.2806, -51.9248, -9.15111, -12.7063, -137.5, 28.9924, 16.9722, 15.7085, -5.63066, 64.243, 47.4338, -24.3083, -0.120735
122,32.9501, -3.93592, -57.4427, 86.7194, 23.0752, 40.8489, 22.2937, 12.5001, -71.0076, 166.972, -34.2915, -85.6307, -60.757, -2.56616, 25.6917, 0.879265
123,-67.0499, -53.9359, 92.5573, 24.2194, -14.4248, 15.8489, 4.79372, -62.4999, 78.9924, 91.9722, 40.7085, 34.3693, -123.257, -27.5662, 0.691724, 0.379265
124,132.95, 46.0641, -7.44265, -100.781, 60.5752, -34.1511, -30.2063, 87.5001, -21.0076, -58.0278, -9.29154, -45.6307, 1.74299, 22.4338, -49.3083, -0.620735
125,-117.05, 21.0641, 67.5573, -132.031, -33.1748, -46.6511, -3.95628, 50.0001, 53.9924, -95.5278, 28.2085, -65.6307, 95.493, 9.93384, -11.8083, -0.870735
126,82.9501, -78.9359, -32.4427, -7.03062, 41.8252, 3.34889, -38.9563, -99.9999, -46.0076, 54.4722, -21.7915, 14.3693, -29.507, -40.0662, 38.1917, 0.129265
127,-17.0499, 71.0641, -82.4427, -69.5306, 4.32523, -21.6511, 13.5437, 125, -96.0076, -20.5278, -46.7915, -25.6307, -92.007, 34.9338, 13.1917, -0.370735
128,182.95, -28.9359, 17.5573, 55.4694, -70.6748, 28.3489, -21.4563, -24.9999, 3.99244, 129.472, 3.20846, 54.3693, 32.993, -15.0662, -36.8083, 0.629265
129,187.638, 82.7828, 76.1511, 46.6803, -22.042, 40.4583, -14.0735, -16.7967, -68.6638, 34.5504, -4.99467, 68.7443, 20.2977, 9.54322, 36.2386, 0.933953
130,-12.3624, -17.2172, -23.8489, -78.3197, 52.958, -9.54174, 20.9265, 133.203, 31.3362, 184.55, 45.0053, -11.2557, -104.702, -40.4568, -13.7614, -0.0660473
131,-112.362, -67.2172, -73.8489, -140.82, 15.458, -34.5417, 3.42653, 58.2033, -18.6638, 109.55, 20.0053, -51.2557, 82.7977, 34.5432, -38.7614, -0.566047
132,87.6376, 32.7828, 26.1511, -15.8197, -59.542, 15.4583, -31.5735, -91.7967, 81.3362, -40.4496, -29.9947, 28.7443, -42.2023, -15.4568, 11.2386, 0.433953
133,237.638, 7.78283, -98.8489, -47.0697, -3.29196, 2.95826, -5.32347, -129.297, -43.6638, -77.9496, 7.50533, 8.74434, 51.5477, -27.9568, 48.7386, 0.183953
134,37.6376, -92.2172, 1.1511, 77.9303, 71.708, -47.0417, 29.6765, 20.7033, 56.3362, 72.0504, -42.4947, -71.2557, -73.4523, 22.0432, -1.2614, -0.816047
135,-62.3624, 57.7828, -48.8489, 15.4303, 34.208, 27.9583, 12.1765, -54.2967, 6.33619, -2.94963, 32.5053, 48.7443, -135.952, -2.95678, -26.2614, 0.683953
136,137.638, -42.2172, 51.1511, -109.57, -40.792, -22.0417, -22.8235, 95.7033, -93.6638, 147.05, -17.4947, -31.2557, -10.9523, 47.0432, 23.7386, -0.316047
137,212.638, -54.7172, -11.3489, -0.194678, -12.667, -28.2917, 25.3015, -73.0467, -56.1638, 128.3, -48.7447, 38.7443, 35.9227, 40.7932, -7.5114, 0.558953
138,12.6376, 45.2828, 88.6511, -125.195, 62.333, 21.7083, -9.69847, 76.9533, 43.8362, -21.6996, 1.25533, -41.2557, -89.0773, -9.20678, 42.4886, -0.441047
139,-87.3624, -4.71717, 38.6511, 62.3053, 24.833, -3.29174, -27.1985, 1.95326, -6.16381, -96.6996, -23.7447, -81.2557, 98.4227, -34.2068, 17.4886, -0.941047
140,112.638, 95.2828, -61.3489, -62.6947, -50.167, 46.7083, 7.80153, -148.047, 93.8362, 53.3004, 26.2553, -1.25566, -26.5773, 15.7932, -32.5114, 0.0589527
141,-137.362, 70.2828, 13.6511, -93.9447, 6.08304, 34.2083, -35.9485, 114.453, -31.1638, 15.8004, -36.2447, -21.2557, 67.1727, 3.29322, 4.9886, -0.191047
142,62.6376, -29.7172, -86.3489, 31.0553, -68.917, -15.7917, -0.94847, -35.5467, 68.8362, 165.8, 13.7553, 58.7443, -57.8273, -46.7068, -45.0114, 0.808953
143,-37.3624, -79.7172, 63.6511, -31.4447, 43.583, -40.7917, -18.4485, -110.547, 18.8362, 90.8004, -11.2447, 18.7443, -120.327, 28.2932, 29.9886, 0.308953
144,162.638, 20.2828, -36.3489, 93.5553, -31.417, 9.20826, 16.5515, 39.4533, -81.1638, -59.1996, 38.7553, -61.2557, 4.67268, -21.7068, -20.0114, -0.691047
145,200.138, -85.9672, 32.4011, 23.2428, 57.6455, 6.08326, 5.61403, 105.078, -62.4138, 81.4254, -26.8697, 53.7443, -96.8898, -24.8318, -35.6364, -0.253547
146,0.137591, 14.0328, -67.5989, -101.757, -17.3545, -43.9167, -29.386, -44.9217, 37.5862, -68.5746, 23.1303, -26.2557, 28.1102, 25.1682, 14.3636, 0.746453
147,-99.8624, -35.9672, 82.4011, 85.7428, -54.8545, 31.0833, 23.114, -119.922, -12.4138, 156.425, -1.86967, -66.2557, -34.3898, 0.168216, -10.6364, 0.246453
148,100.138, 64.0328, -17.5989, -39.2572, 20.1455, -18.9167, -11.886, 30.0783, 87.5862, 6.42537, 48.1303, 13.7443, 90.6102, -49.8318, 39.3636, -0.753547
149,-149.862, 39.0328, 57.4011, -70.5072, -73.6045, -31.4167, 14.364, -7.42174, -37.4138, -31.0746, -14.3697, -6.25566, -65.6398, 37.6682, -23.1364, 0.996453
150,50.1376, -60.9672, -42.5989, 54.4928, 1.39554, 18.5833, -20.636, 142.578, 62.5862, 118.925, 35.6303, -86.2557, 59.3602, -12.3318, 26.8636, -0.00354731
151,-49.8624, 89.0328, -92.5989, -8.00718, -36.1045, -6.41674, -38.136, 67.5783, 12.5862, 43.9254, 10.6303, 33.7443, -3.13982, -37.3318, 1.8636, -0.503547
152,150.138, -10.9672, 7.4011, -133.007, 38.8955, 43.5833, -3.13597, -82.4217, -87.4138, 193.925, -39.3697, -46.2557, -128.14, 12.6682, -48.1364, 0.496453
153,225.138, -23.4672, -55.0989, -23.6322, 67.0205, 37.3333, -25.011, 48.8283, -49.9138, 175.175, 29.3803, 23.7443, -81.2648, 6.41822, 20.6136, -0.628547
154,25.1376, 76.5328, 44.9011, -148.632, -7.97946, -12.6667, 9.98903, -101.172, 50.0862, 25.1754, -20.6197, -56.2557, 43.7352, -43.5818, -29.3864, 0.371453
155,-74.8624, 26.5328, -5.0989, 38.8678, -45.4795, -37.6667, -7.51097, 123.828, 0.0861943, -49.8246, -45.6197, 63.7443, -18.7648, 31.4182, 45.6136, -0.128547
156,125.138, -73.4672, 94.9011, -86.1322, 29.5205, 12.3333, 27.489, -26.1717, -99.9138, 100.175, 4.38033, -16.2557, -143.765, -18.5818, -4.3864, 0.871453
157,-124.862, -98.4672, -30.0989, -117.382, -64.2295, -0.166738, -16.261, -63.6717, -24.9138, 62.6754, 41.8803, -36.2557, -50.0148, -31.0818, 33.1136, 0.621453
158,75.1376, 1.53283, 69.9011, 7.61782, 10.7705, 49.8333, 18.739, 86.3283, 75.0862, -87.3246, -8.11967, 43.7443, 74.9852, 18.9182, -16.8864, -0.378547
159,-24.8624, -48.4672, 19.9011, -54.8822, -26.7295, 24.8333, 1.23903, 11.3283, 25.0862, 137.675, -33.1197, 3.74434, 12.4852, -6.08178, -41.8864, -0.878547
160,175.138, 51.5328, -80.0989, 70.1178, 48.2705, -25.1667, -33.761, -138.672, -74.9138, -12.3246, 16.8803, -76.2557, -112.515, 43.9182, 8.1136, 0.121453
161,193.888, 98.4078, -45.7239, 34.9616, -57.1982, 23.2708, -4.22972, -105.859, 34.4612, -92.0121, -15.9322, -18.7557, 86.7039, 42.3557, 0.301099, -0.659797
162,-6.11241, -1.59217, 54.2761, -90.0384, 17.8018, -26.7292, -39.2297, 44.1408, -65.5388, 57.9879, 34.0678, 61.2443, -38.2961, -7.64428, -49.6989, 0.340203
163,-106.112, -51.5922, 4.2761, 97.4616, -19.6982, 48.2708, 13.2703, -30.8592, 84.4612, -17.0121, 9.06783, 21.2443, -100.796, -32.6443, 25.3011, -0.159797
164,93.8876, 48.4078, -95.7239, -27.5384, 55.3018, -1.72924, -21.7297, 119.141, -15.5388, 132.988, -40.9322, -58.7557, 24.2039, 17.3557, -24.6989, 0.840203
165,243.888, 23.4078, -20.7239, -58.7884, -38.4482, -14.2292, 4.52028, 81.6408, 59.4612, 95.4879, -3.43217, -78.7557, -132.046, 4.85572, 12.8011, 0.590203
166,43.8876, -76.5922, 79.2761, 66.2116, 36.5518, 35.7708, -30.4797, -68.3592, -40.5388, -54.5121, 46.5678, 1.24434, -7.04607, -45.1443, -37.1989, -0.409797
167,-56.1124, 73.4078, 29.2761, 3.71157, -0.948206, 10.7708, 22.0203, -143.359, -90.5388, 170.488, 21.5678, -38.7557, -69.5461, 29.8557, 37.8011, -0.909797
168,143.888, -26.5922, -70.7239, -121.288, 74.0518, -39.2292, -12.9797, 6.64076, 9.46119, 20.4879, -28.4322, 41.2443, 55.4539, -20.1443, -12.1989, 0.0902027
169,218.888, -39.0922, 66.7761, -11.9134, -47.8232, -45.4792, -34.8547, 137.891, 46.9612, 1.73787, 40.3178, -48.7557, -147.671, -26.3943, -43.4489, 0.965203
170,18.8876, 60.9078, -33.2239, -136.913, 27.1768, 4.52076, 0.14528, -12.1092, -53.0388, 151.738, -9.68217, 31.2443, -22.6711, 23.6057, 6.5511, -0.0347973
171,-81.1124, 10.9078, -83.2239, 50.5866, -10.3232, -20.4792, -17.3547, -87.1092, 96.9612, 76.7379, -34.6822, -8.75566, -85.1711, -1.39428, -18.4489, -0.534797
172,118.888, -89.0922, 16.7761, -74.4134, 64.6768, 29.5208, 17.6453, 62.8908, -3.03881, -73.2621, 15.3178, -88.7557, 39.8289, 48.6057, 31.5511, 0.465203
173,-131.112, 85.9078, 91.7761, -105.663, -29.0732, 17.0208, -26.1047, 25.3908, 71.9612, 189.238, -47.1822, 51.2443, -116.421, 36.1057, -30.9489, 0.215203
174,68.8876, -14.0922, -8.2239, 19.3366, 45.9268, -32.9792, 8.89528, -124.609, -28.0388, 39.2379, 2.81783, -28.7557, 8.57893, -13.8943, 19.0511, -0.784797
175,-31.1124, -64.0922, -58.2239, -43.1634, 8.42679, 42.0208, -8.60472, 100.391, -78.0388, -35.7621, -22.1822, -68.7557, -53.9211, -38.8943, -5.9489, 0.715203
176,168.888, 35.9078, 41.7761, 81.8366, -66.5732, -7.97924, 26.3953, -49.6092, 21.9612, 114.238, 27.8178, 11.2443, 71.0789, 11.1057, 44.0511, -0.284797
177,206.388, -70.3422, -89.4739, 11.5241, 22.4893, -11.1042, 15.4578, 16.0158, 40.7112, -45.1371, -37.8072, -33.7557, -30.4836, 7.98072, 28.4261, 0.152703
178,6.38759, 29.6578, 10.5261, -113.476, -52.5107, 38.8958, -19.5422, -133.984, -59.2888, 104.863, 12.1928, 46.2443, 94.5164, -42.0193, -21.5739, -0.847297
179,-93.6124, -20.3422, -39.4739, 74.0241, 59.9893, 13.8958, -37.0422, 91.0158, 90.7112, 29.8629, -12.8072, 6.24434, 32.0164, 32.9807, -46.5739, 0.652703
180,106.388, 79.6578, 60.5261, -50.9759, -15.0107, -36.1042, -2.04222, -58.9842, -9.28881, 179.863, 37.1928, -73.7557, -92.9836, -17.0193, 3.4261, -0.347297
181,-143.612, 54.6578, -64.4739, -82.2259, 41.2393, -48.6042, 24.2078, -96.4842, 65.7112, 142.363, -25.3072, 66.2443, 0.766432, -29.5193, 40.9261, -0.597297
182,56.3876, -45.3422, 35.5261, 42.7741, -33.7607, 1.39576, -10.7922, 53.5158, -34.2888, -7.63713, 24.6928, -13.7557, -124.234, 20.4807, -9.0739, 0.402703
183,-43.6124, -95.3422, -14.4739, -19.7259, -71.2607, -23.6042, -28.2922, -21.4842, -84.2888, -82.6371, -0.30717, -53.7557, 63.2664, -4.51928, -34.0739, -0.0972973
184,156.388, 4.65783, 85.5261, -144.726, 3.73929, 26.3958, 6.70778, 128.516, 15.7112, 67.3629, 49.6928, 26.2443, -61.7336, 45.4807, 15.9261, 0.902703
185,231.388, -7.84217, 23.0261, -35.3509, 31.8643, 20.1458, -15.1672, -40.2342, 53.2112, 48.6129, 18.4428, -63.7557, -14.8586, 39.2307, -15.3239, -0.222297
186,31.3876, 92.1578, -76.9739, 89.6491, -43.1357, -29.8542, 19.8328, 109.766, -46.7888, 198.613, -31.5572, 16.2443, -139.859, -10.7693, 34.6761, 0.777703
187,-68.6124, 42.1578, 73.0261, 27.1491, 69.3643, 45.1458, 2.33278, 34.7658, -96.7888, 123.613, 43.4428, -23.7557, 47.6414, -35.7693, 9.6761, 0.277703
188,131.388, -57.8422, -26.9739, -97.8509, -5.63571, -4.85424, -32.6672, -115.234, 3.21119, -26.3871, -6.55717, 56.2443, -77.3586, 14.2307, -40.3239, -0.722297
189,-118.612, -82.8422, 48.0261, -129.101, 50.6143, -17.3542, -6.41722, 147.266, 78.2112, -63.8871, 30.9428, 36.2443, 16.3914, 1.73072, -2.8239, -0.972297
190,81.3876, 17.1578, -51.9739, -4.10093, -24.3857, 32.6458, 28.5828, -2.73424, -21.7888, 86.1129, -19.0572, -43.7557, -108.609, -48.2693, 47.1761, 0.0277027
191,-18.6124, -32.8422, 98.0261, -66.6009, -61.8857, 7.64576, 11.0828, -77.7342, -71.7888, 11.1129, -44.0572, -83.7557, 78.8914, 26.7307, 22.1761, -0.472297
192,181.388, 67.1578, -1.9739, 58.3991, 13.1143, -42.3542, -23.9172, 72.2658, 28.2112, 161.113, 5.94283, -3.75566, -46.1086, -23.2693, -27.8239, 0.527703
193,190.763, 90.5953, -84.7864, 40.8209, -39.6201, -18.1355, -9.15159, 88.672, 82.8987, -28.7309, -10.4634, 24.9943, -71.4992, 25.9495, 18.2698, -0.862922
194,-9.23741, -9.40467, 15.2136, -84.1791, 35.3799, 31.8645, 25.8484, -61.328, -17.1013, 121.269, 39.5366, -55.0057, 53.5008, -24.0505, -31.7302, 0.137078
195,-109.237, -59.4047, -34.7864, -146.679, -2.12008, 6.86451, 8.34841, -136.328, -67.1013, 46.2691, 14.5366, 64.9943, -8.99919, -49.0505, 43.2698, -0.362922
196,90.7626, 40.5953, 65.2136, -21.6791, 72.8799, -43.1355, -26.6516, 13.672, 32.8987, 196.269, -35.4634, -15.0057, -133.999, 0.949466, -6.73015, 0.637078
197,240.763, 15.5953, -59.7864, -52.9291, -20.8701, 44.3645, -0.401595, -23.828, -92.1013, 158.769, 2.03658, -35.0057, -40.2492, -11.5505, 30.7698, 0.387078
198,40.7626, -84.4047, 40.2136, 72.0709, 54.1299, -5.63549, -35.4016, 126.172, 7.89869, 8.76912, -47.9634, 44.9943, 84.7508, 38.4495, -19.2302, -0.612922
199,-59.2374, 65.5953, -9.7864, 9.57095, 16.6299, -30.6355, 17.0984, 51.172, -42.1013, -66.2309, 27.0366, 4.99434, 22.2508, 13.4495, -44.2302, 0.887078
200,140.763, -34.4047, 90.2136, -115.429, -58.3701, 19.3645, -17.9016, -98.828, 57.8987, 83.7691, -22.9634, -75.0057, -102.749, -36.5505, 5.76985, -0.112922
201,215.763, -46.9047, 27.7136, -6.05405, -30.2451, 13.1145, -39.7766, 32.422, 95.3987, 65.0191, 45.7866, -5.00566, -55.8742, -42.8005, -25.4802, 0.762078
202,15.7626, 53.0953, -72.2864, -131.054, 44.7549, -36.8855, -4.77659, -117.578, -4.60131, -84.9809, -4.21342, -85.0057, 69.1258, 7.19947, 24.5198, -0.237922
203,-84.2374, 3.09533, 77.7136, 56.4459, 7.25492, 38.1145, -22.2766, 107.422, -54.6013, 140.019, -29.2134, 34.9943, 6.62581, -17.8005, -0.480151, -0.737922
204,115.763, -96.9047, -22.2864, -68.5541, -67.7451, -11.8855, 12.7234, -42.578, 45.3987, -9.98088, 20.7866, -45.0057, -118.374, 32.1995, 49.5198, 0.262078
205,-134.237, 78.0953, 52.7136, -99.8041, -11.4951, -24.3855, -31.0266, -80.078, -79.6013, -47.4809, -41.7134, -65.0057, -24.6242, 19.6995, -12.9802, 0.0120777
206,65.7626, -21.9047, -47.2864, 25.1959, 63.5049, 25.6145, 3.97341, 69.922, 20.3987, 102.519, 8.28658, 14.9943, -149.624, -30.3005, 37.0198, -0.987922
207,-34.2374, -71.9047, -97.2864, -37.3041, 26.0049, 0.614512, -13.5266, -5.07799, -29.6013, 27.5191, -16.7134, -25.0057, 37.8758, 44.6995, 12.0198, 0.512078
208,165.763, 28.0953, 2.7136, 87.6959, -48.9951, -49.3855, 21.4734, 144.922, 70.3987, 177.519, 33.2866, 54.9943, -87.1242, -5.30053, -37.9802, -0.487922
209,203.263, -78.1547, 71.4636, 17.3834, 40.0674, 47.4895, 10.5359, -89.453, 89.1487, 18.1441, -32.3384, 9.99434, 61.3133, -8.42553, 46.3948, -0.0504223
210,3.26259, 21.8453, -28.5364, -107.617, -34.9326, -2.51049, -24.4641, 60.547, -10.8513, 168.144, 17.6616, -70.0057, -63.6867, 41.5745, -3.60515, 0.949578
211,-96.7374, -28.1547, -78.5364, 79.8834, -72.4326, -27.5105, 28.0359, -14.453, -60.8513, 93.1441, -7.33842, 49.9943, -126.187, 16.5745, -28.6052, 0.449578
212,103.263, 71.8453, 21.4636, -45.1166, 2.56742, 22.4895, -6.96409, 135.547, 39.1487, -56.8559, 42.6616, -30.0057, -1.18669, -33.4255, 21.3948, -0.550422
213,-146.737, 46.8453, 96.4636, -76.3666, 58.8174, 9.98951, 19.2859, 98.047, -85.8513, -94.3559, -19.8384, -50.0057, 92.5633, -45.9255, -41.1052, -0.800422
214,53.2626, -53.1547, -3.5364, 48.6334, -16.1826, -40.0105, -15.7141, -51.953, 14.1487, 55.6441, 30.1616, 29.9943, -32.4367, 4.07447, 8.89485, 0.199578
215,-46.7374, 96.8453, -53.5364, -13.8666, -53.6826, 34.9895, -33.2141, -126.953, -35.8513, -19.3559, 5.16158, -10.0057, -94.9367, -20.9255, -16.1052, -0.300422
216,153.263, -3.15467, 46.4636, -138.867, 21.3174, -15.0105, 1.78591, 23.047, 64.1487, 130.644, -44.8384, 69.9943, 30.0633, 29.0745, 33.8948, 0.699578
217,228.263, -15.6547, -16.0364, -29.4916, 49.4424, -21.2605, -20.0891, -145.703, -98.3513, 111.894, 23.9116, -20.0057, 76.9383, 22.8245, 2.64485, -0.425422
218,28.2626, 84.3453, 83.9636, 95.5084, -25.5576, 28.7395, 14.9109, 4.29701, 1.64869, -38.1059, -26.0884, 59.9943, -48.0617, -27.1755, -47.3552, 0.574578
219,-71.7374, 34.3453, 33.9636, 33.0084, -63.0576, 3.73951, -2.58909, -70.703, -48.3513, 186.894, 48.9116, 19.9943, -110.562, 47.8245, 27.6448, 0.0745777
220,128.263, -65.6547, -66.0364, -91.9916, 11.9424, -46.2605, -37.5891, 79.297, 51.6487, 36.8941, -1.08842, -60.0057, 14.4383, -2.17553, -22.3552, -0.925422
221,-121.737, -90.6547, 8.9636, -123.242, 68.1924, 41.2395, -11.3391, 41.797, -73.3513, -0.605881, 36.4116, -80.0057, -141.812, -14.6755, 15.1448, 0.824578
222,78.2626, 9.34533, -91.0364, 1.75845, -6.80758, -8.76049, 23.6609, -108.203, 26.6487, 149.394, -13.5884, -0.00565529, -16.8117, 35.3245, -34.8552, -0.175422
223,-21.7374, -40.6547, 58.9636, -60.7416, -44.3076, -33.7605, 6.16091, 116.797, -23.3513, 74.3941, -38.5884, -40.0057, -79.3117, 10.3245, 40.1448, -0.675422
224,178.263, 59.3453, -41.0364, 64.2584, 30.6924, 16.2395, -28.8391, -33.203, 76.6487, -75.6059, 11.4116, 39.9943, 45.6883, -39.6755, -9.85515, 0.324578
225,197.013, -93.7797, -6.6614, 29.1022, -74.7763, -35.323, 0.692155, -0.390494, -13.9763, 144.707, -21.4009, -62.5057, -5.09294, -41.238, -17.6677, -0.456672
226,-2.98741, 6.22033, 93.3386, -95.8978, 0.223669, 14.677, -34.3078, 149.61, 86.0237, -5.29338, 28.5991, 17.4943, -130.093, 8.76197, 32.3323, 0.543328
227,-102.987, -43.7797, 43.3386, 91.6022, -37.2763, -10.323, 18.1922, 74.6095, 36.0237, -80.2934, 3.59908, -22.5057, 57.4071, -16.238, 7.33235, 0.0433277
228,97.0126, 56.2203, -56.6614, -33.3978, 37.7237, 39.677, -16.8078, -75.3905, -63.9763, 69.7066, -46.4009, 57.4943, -67.5929, 33.762, -42.6677, -0.956672
229,247.013, 31.2203, 18.3386, -64.6478, -56.0263, 27.177, 9.44216, -112.89, 11.0237, 32.2066, -8.90092, 37.4943, 26.1571, 21.262, -5.16765, 0.793328
230,47.0126, -68.7797, -81.6614, 60.3522, 18.9737, -22.823, -25.5578, 37.1095, -88.9763, 182.207, 41.0991, -42.5057, -98.8429, -28.738, 44.8323, -0.206672
231,-52.9874, 81.2203, 68.3386, -2.1478, -18.5263, -47.823, 26.9422, -37.8905, 61.0237, 107.207, 16.0991, -82.5057, 88.6571, 46.262, 19.8323, -0.706672
232,147.013, -18.7797, -31.6614, -127.148, 56.4737, 2.17701, -8.05784, 112.11, -38.9763, -42.7934, -33.9009, -2.50566, -36.3429, -3.73803, -30.1677, 0.293328
233,222.013, -31.2797, -94.1614, -17.7728, -65.4013, -4.07299, -29.9328, -56.6405, -1.47631, -61.5434, 34.8491, 67.4943, 10.5321, -9.98803, 38.5823, -0.831672
234,22.0126, 68.7203, 5.8386, -142.773, 9.59867, 45.927, 5.06716, 93.3595, 98.5237, 88.4566, -15.1509, -12.5057, -114.468, 40.012, -11.4177, 0.168328
235,-77.9874, 18.7203, -44.1614, 44.7272, -27.9013, 20.927, -12.4328, 18.3595, 48.5237, 13.4566, -40.1509, -52.5057, 73.0321, 15.012, -36.4177, -0.331672
236,122.013, -81.2797, 55.8386, -80.2728, 47.0987, -29.073, 22.5672, -131.64, -51.4763, 163.457, 9.84908, 27.4943, -51.9679, -34.988, 13.5823, 0.668328
237,-127.987, 93.7203, -69.1614, -111.523, -46.6513, -41.573, -21.1828, 130.86, 23.5237, 125.957, 47.3491, 7.49434, 41.7821, -47.488, -48.9177, 0.418328
238,72.0126, -6.27967, 30.8386, 13.4772, 28.3487, 8.42701, 13.8172, -19.1405, -76.4763, -24.0434, -2.65092, -72.5057, -83.2179, 2.51197, 1.08235, -0.581672
239,-27.9874, -56.2797, -19.1614, -49.0228, -9.15133, -16.573, -3.68284, -94.1405, 73.5237, -99.0434, -27.6509, 47.4943, -145.718, -22.488, -23.9177, 0.918328
240,172.013, 43.7203, 80.8386, 75.9772, 65.8487, 33.427, -38.6828, 55.8595, -26.4763, 50.9566, 22.3491, -32.5057, -20.7179, 27.512, 26.0823, -0.0816723
241,209.513, -62.5297, -50.4114, 5.6647, 4.91117, 30.302, 20.3797, 121.485, -7.72631, 191.582, -43.2759, -77.5057, -122.28, 24.387, 10.4573, 0.355828
242,9.51259, 37.4703, 49.5886, -119.335, -70.0888, -19.698, -14.6203, -28.5155, 92.2737, 41.5816, 6.72408, 2.49434, 2.71956, -25.613, -39.5427, -0.644172
243,-90.4874, -12.5297, -0.411403, 68.1647, 42.4112, -44.698, -32.1203, -103.515, 42.2737, -33.4184, -18.2759, -37.5057, -59.7804, 49.387, 35.4573, 0.855828
244,109.513, 87.4703, 99.5886, -56.8353, -32.5888, 5.30201, 2.87966, 46.4845, -57.7263, 116.582, 31.7241, 42.4943, 65.2196, -0.613034, -14.5427, -0.144172
245,-140.487, 62.4703, -25.4114, -88.0853, 23.6612, -7.19799, 29.1297, 8.98451, 17.2737, 79.0816, -30.7759, 22.4943, -91.0304, -13.113, 22.9573, -0.394172
246,59.5126, -37.5297, 74.5886, 36.9147, -51.3388, 42.802, -5.87034, -141.015, -82.7263, -70.9184, 19.2241, -57.5057, 33.9696, 36.887, -27.0427, 0.605828
247,-40.4874, -87.5297, 24.5886, -25.5853, 61.1612, 17.802, -23.3703, 83.9845, 67.2737, 154.082, -5.77592, 62.4943, -28.5304, 11.887, 47.9573, 0.105828
248,159.513, 12.4703, -75.4114, 99.4147, -13.8388, -32.198, 11.6297, -66.0155, -32.7263, 4.08162, 44.2241, -17.5057, 96.4696, -38.113, -2.04265, -0.894172
249,234.513, -0.0296652, 62.0886, -41.2103, 14.2862, -38.448, -10.2453, 65.2345, 4.77369, -14.6684, 12.9741, 52.4943, -106.655, -44.363, -33.2927, -0.0191723
250,34.5126, 99.9703, -37.9114, 83.7897, -60.7138, 11.552, 24.7547, -84.7655, -95.2263, 135.332, -37.0259, -27.5057, 18.3446, 5.63697, 16.7073, 0.980828
251,-65.4874, 49.9703, -87.9114, 21.2897, 51.7862, -13.448, 7.25466, 140.235, 54.7737, 60.3316, 37.9741, -67.5057, -44.1554, -19.363, -8.29265, 0.480828
252,134.513, -50.0297, 12.0886, -103.71, -23.2138, 36.552, -27.7453, -9.76549, -45.2263, -89.6684, -12.0259, 12.4943, 80.8446, 30.637, 41.7073, -0.519172
253,-115.487, -75.0297, 87.0886, -134.96, 33.0362, 24.052, -1.49534, -47.2655, 29.7737, 172.832, 25.4741, -7.50566, -75.4054, 18.137, -20.7927, -0.769172
254,84.5126, 24.9703, -12.9114, -9.9603, -41.9638, -25.948, -36.4953, 102.735, -70.2263, 22.8316, -24.5259, -87.5057, 49.5946, -31.863, 29.2073, 0.230828
255,-15.4874, -25.0297, -62.9114, -72.4603, 70.5362, 49.052, 16.0047, 27.7345, 79.7737, -52.1684, -49.5259, 32.4943, -12.9054, 43.137, 4.20735, -0.269172
256,184.513, 74.9703, 37.0886, 52.5397, -4.46383, -0.947988, -18.9953, -122.265, -20.2263, 97.8316, 0.47408, -47.5057, -137.905, -6.86303, -45.7927, 0.730828
257,186.856, -69.1703, -33.6145, -76.8548, -55.1474, -44.8933, -15.3039, 31.8361, -56.5544, -99.6293, -3.62748, -40.3182, -19.2531, -44.5583, -9.26921, 0.883171
258,-13.1437, 30.8297, 66.3855, 48.1452, 19.8526, 5.1067, 19.6961, -118.164, 43.4456, 50.3707, 46.3725, 39.6818, -144.253, 5.44165, 40.7308, -0.116829
259,-113.144, -19.1703, 16.3855, -14.3548, -17.6474, -19.8933, 2.19606, 106.836, -6.55443, -24.6293, 21.3725, -0.318155, 43.2469, -19.5583, 15.7308, -0.616829
260,86.8563, 80.8297, -83.6145, -139.355, 57.3526, 30.1067, -32.8039, -43.1639, 93.4456, 125.371, -28.6275, -80.3182, -81.7531, 30.4417, -34.2692, 0.383171
261,236.856, 55.8297, -8.61453, 79.3952, -36.3974, 17.6067, -6.55394, -80.6639, -31.5544, 87.8707, 8.87252, 59.6818, 11.9969, 17.9417, 3.23079, 0.133171
262,36.8563, -44.1703, 91.3855, -45.6048, 38.6026, -32.3933, 28.4461, 69.3361, 68.4456, -62.1293, -41.1275, -20.3182, -113.003, -32.0583, -46.7692, -0.866829
263,-63.1437, -94.1703, 41.3855, -108.105, 1.10258, 42.6067, 10.9461, -5.66393, 18.4456, 162.871, 33.8725, -60.3182, 74.4969, 42.9417, 28.2308, 0.633171
264,136.856, 5.82971, -58.6145, 16.8952, -73.8974, -7.3933, -24.0539, 144.336, -81.5544, 12.8707, -16.1275, 19.6818, -50.5031, -7.05835, -21.7692, -0.366829
265,211.856, -6.67029, 78.8855, -123.73, -45.7724, -13.6433, 24.0711, -24.4139, -44.0544, -5.87932, -47.3775, -70.3182, -3.6281, -13.3083, 46.9808, 0.508171
266,11.8563, 93.3297, -21.1145, 1.27017, 29.2276, 36.3567, -10.9289, 125.586, 55.9456, 144.121, 2.62252, 9.68184, -128.628, 36.6917, -3.01921, -0.491829
267,-88.1437, 43.3297, -71.1145, -61.2298, -8.27242, 11.3567, -28.4289, 50.5861, 5.94557, 69.1207, -22.3775, -30.3182, 58.8719, 11.6917, -28.0192, -0.991829
268,111.856, -56.6703, 28.8855, 63.7702, 66.7276, -38.6433, 6.57106, -99.4139, -94.0544, -80.8793, 27.6225, 49.6818, -66.1281, -38.3083, 21.9808, 0.00817144
269,-138.144, -81.6703, -96.1145, 32.5202, -27.0224, 48.8567, -37.1789, -136.914, -19.0544, 181.621, -34.8775, 29.6818, 27.6219, 49.1917, -40.5192, -0.241829
270,61.8563, 18.3297, 3.88547, -92.4798, 47.9776, -1.1433, -2.17894, 13.0861, 80.9456, 31.6207, 15.1225, -50.3182, -97.3781, -0.808346, 9.48079, 0.758171
271,-38.1437, -31.6703, -46.1145, 95.0202, 10.4776, -26.1433, -19.6789, -61.9139, 30.9456, -43.3793, -9.87748, 69.6818, 90.1219, -25.8083, -15.5192, 0.258171
272,161.856, 68.3297, 53.8855, -29.9798, -64.5224, 23.8567, 15.3211, 88.0861, -69.0544, 106.621, 40.1225, -10.3182, -34.8781, 24.1917, 34.4808, -0.741829
273,199.356, -37.9203, -77.3645, -100.292, 24.5401, 20.7317, 4.38356, -146.289, -50.3044, -52.7543, -25.5025, -55.3182, -136.441, 21.0667, 18.8558, -0.304329
274,-0.643659, 62.0797, 22.6355, 24.7077, -50.4599, -29.2683, -30.6164, 3.71107, 49.6956, 97.2457, 24.4975, 24.6818, -11.4406, -28.9333, -31.1442, 0.695671
275,-100.644, 12.0797, -27.3645, -37.7923, 62.0401, 45.7317, 21.8836, -71.2889, -0.304431, 22.2457, -0.502482, -15.3182, -73.9406, 46.0667, 43.8558, 0.195671
276,99.3563, -87.9203, 72.6355, 87.2077, -12.9599, -4.2683, -13.1164, 78.7111, 99.6956, 172.246, 49.4975, 64.6818, 51.0594, -3.93335, -6.14421, -0.804329
277,249.356, 87.0797, -52.3645, 55.9577, 43.2901, -16.7683, 13.1336, 41.2111, -25.3044, 134.746, -13.0025, 44.6818, -105.191, -16.4333, 31.3558, 0.945671
278,49.3563, -12.9203, 47.6355, -69.0423, -31.7099, 33.2317, -21.8664, -108.789, 74.6956, -15.2543, 36.9975, -35.3182, 19.8094, 33.5667, -18.6442, -0.0543286
279,-50.6437, -62.9203, -2.36453, -131.542, -69.2099, 8.2317, -39.3664, 116.211, 24.6956, -90.2543, 11.9975, -75.3182, -42.6906, 8.56665, -43.6442, -0.554329
280,149.356, 37.0797, 97.6355, -6.54233, 5.79008, -41.7683, -4.36644, -33.7889, -75.3044, 59.7457, -38.0025, 4.68184, 82.3094, -41.4333, 6.35579, 0.445671
281,224.356, 24.5797, 35.1355, -147.167, 33.9151, -48.0183, -26.2414, 97.4611, -37.8044, 40.9957, 30.7475, -85.3182, -120.816, -47.6833, -24.8942, -0.679329
282,24.3563, -75.4203, -64.8645, -22.1673, -41.0849, 1.9817, 8.75856, -52.5389, 62.1956, 190.996, -19.2525, -5.31816, 4.1844, 2.31665, 25.1058, 0.320671
283,-75.6437, 74.5797, 85.1355, -84.6673, 71.4151, -23.0183, -8.74144, -127.539, 12.1956, 115.996, -44.2525, -45.3182, -58.3156, -22.6833, 0.105786, -0.179329
284,124.356, -25.4203, -14.8645, 40.3327, -3.58492, 26.9817, 26.2586, 22.4611, -87.8044, -34.0043, 5.74752, 34.6818, 66.6844, 27.3167, -49.8942, 0.820671
285,-125.644, -50.4203, 60.1355, 9.08267, 52.6651, 14.4817, -17.4914, -15.0389, -12.8044, -71.5043, 43.2475, 14.6818, -89.5656, 14.8167, -12.3942, 0.570671
286,74.3563, 49.5797, -39.8645, -115.917, -22.3349, -35.5183, 17.5086, 134.961, 87.1956, 78.4957, -6.75248, -65.3182, 35.4344, -35.1833, 37.6058, -0.429329
287,-25.6437, -0.42029, -89.8645, 71.5827, -59.8349, 39.4817, 0.00856131, 59.9611, 37.1956, 3.49568, -31.7525, 54.6818, -27.0656, 39.8167, 12.6058, -0.929329
288,174.356, 99.5797, 10.1355, -53.4173, 15.1651, -10.5183, -34.9914, -90.0389, -62.8044, 153.496, 18.2475, -25.3182, 97.9344, -10.1833, -37.3942, 0.0706714
289,193.106, -53.5453, 44.5105, -88.5736, 59.6963, 37.9192, -5.46019, -57.2264, 46.5706, 73.8082, -14.565, 32.1818, 47.1532, -11.7458, -45.2067, -0.710579
290,-6.89366, 46.4547, -55.4895, 36.4264, -15.3037, -12.0808, 29.5398, 92.7736, -53.4294, -76.1918, 35.435, -47.8182, -77.8468, 38.2542, 4.79329, 0.289421
291,-106.894, -3.54529, 94.5105, -26.0736, -52.8037, -37.0808, 12.0398, 17.7736, 96.5706, 148.808, 10.435, -87.8182, -140.347, 13.2542, -20.2067, -0.210579
292,93.1063, 96.4547, -5.48953, 98.9264, 22.1963, 12.9192, -22.9602, -132.226, -3.42943, -1.19182, -39.565, -7.81816, -15.3468, -36.7458, 29.7933, 0.789421
293,243.106, 71.4547, 69.5105, 67.6764, -71.5537, 0.419199, 3.28981, 130.274, 71.5706, -38.6918, -2.06498, -27.8182, 78.4032, -49.2458, -32.7067, 0.539421
294,43.1063, -28.5453, -30.4895, -57.3236, 3.44633, -49.5808, -31.7102, -19.7264, -28.4294, 111.308, 47.935, 52.1818, -46.5968, 0.754154, 17.2933, -0.460579
295,-56.8937, -78.5453, -80.4895, -119.824, -34.0537, 25.4192, 20.7898, -94.7264, -78.4294, 36.3082, 22.935, 12.1818, -109.097, -24.2458, -7.70671, -0.960579
296,143.106, 21.4547, 19.5105, 5.17642, 40.9463, -24.5808, -14.2102, 55.2736, 21.5706, 186.308, -27.065, -67.8182, 15.9032, 25.7542, 42.2933, 0.0394214
297,218.106, 8.95471, -42.9895, -135.449, 69.0713, -30.8308, -36.0852, -113.476, 59.0706, 167.558, 41.685, 2.18184, 62.7782, 19.5042, 11.0433, 0.914421
298,18.1063, -91.0453, 57.0105, -10.4486, -5.92867, 19.1692, -1.08519, 36.5236, -40.9294, 17.5582, -8.31498, -77.8182, -62.2218, -30.4958, -38.9567, -0.0855786
299,-81.8937, 58.9547, 7.01047, -72.9486, -43.4287, -5.8308, -18.5852, -38.4764, -90.9294, -57.4418, -33.315, 42.1818, -124.722, 44.5042, 36.0433, -0.585579
300,118.106, -41.0453, -92.9895, 52.0514, 31.5713, 44.1692, 16.4148, 111.524, 9.07057, 92.5582, 16.685, -37.8182, 0.278151, -5.49585, -13.9567, 0.414421
301,-131.894, -66.0453, -17.9895, 20.8014, -62.1787, 31.6692, -27.3352, 74.0236, 84.0706, 55.0582, -45.815, -57.8182, 94.0282, -17.9958, 23.5433, 0.164421
302,68.1063, 33.9547, 82.0105, -104.199, 12.8213, -18.3308, 7.66481, -75.9764, -15.9294, -94.9418, 4.18502, 22.1818, -30.9718, 32.0042, -26.4567, -0.835579
303,-31.8937, -16.0453, 32.0105, 83.3014, -24.6787, -43.3308, -9.83519, 149.024, -65.9294, 130.058, -20.815, -17.8182, -93.4718, 7.00415, 48.5433, 0.664421
304,168.106, 83.9547, -67.9895, -41.6986, 50.3213, 6.6692, 25.1648, -0.976431, 34.0706, -19.9418, 29.185, 62.1818, 31.5282, -42.9958, -1.45671, -0.335579
305,205.606, -22.2953, 0.760472, -112.011, -10.6162, 3.5442, 14.2273, 64.6486, 52.8206, 120.683, -36.44, 17.1818, -70.0343, -46.1208, -17.0817, 0.101921
306,5.60634, 77.7047, -99.2395, 12.9889, 64.3838, -46.4558, -20.7727, -85.3514, -47.1794, -29.3168, 13.56, -62.8182, 54.9657, 3.87915, 32.9183, -0.898079
307,-94.3937, 27.7047, 50.7605, -49.5111, 26.8838, 28.5442, -38.2727, 139.649, -97.1794, 195.683, -11.44, 57.1818, -7.53435, -21.1208, 7.91829, 0.601921
308,105.606, -72.2953, -49.2395, 75.4889, -48.1162, -21.4558, -3.27269, -10.3514, 2.82057, 45.6832, 38.56, -22.8182, -132.534, 28.8792, -42.0817, -0.398079
309,-144.394, -97.2953, 25.7605, 44.2389, 8.13383, -33.9558, 22.9773, -47.8514, 77.8206, 8.18318, -23.94, -42.8182, -38.7843, 16.3792, -4.58171, -0.648079
310,55.6063, 2.70471, -74.2395, -80.7611, -66.8662, 16.0442, -12.0227, 102.149, -22.1794, 158.183, 26.06, 37.1818, 86.2157, -33.6208, 45.4183, 0.351921
311,-44.3937, -47.2953, 75.7605, -143.261, 45.6338, -8.9558, -29.5227, 27.1486, -72.1794, 83.1832, 1.06002, -2.81816, 23.7157, 41.3792, 20.4183, -0.148079
312,155.606, 52.7047, -24.2395, -18.2611, -29.3662, 41.0442, 5.47731, -122.851, 27.8206, -66.8168, -48.94, -82.8182, -101.284, -8.62085, -29.5817, 0.851921
313,230.606, 40.2047, -86.7395, 91.1139, -1.24117, 34.7942, -16.3977, 8.39857, 65.3206, -85.5668, 19.81, -12.8182, -54.4093, -14.8708, 39.1683, -0.273079
314,30.6063, -59.7953, 13.2605, -33.8861, 73.7588, -15.2058, 18.6023, -141.601, -34.6794, 64.4332, -30.19, 67.1818, 70.5907, 35.1292, -10.8317, 0.726921
315,-69.3937, 90.2047, -36.7395, -96.3861, 36.2588, -40.2058, 1.10231, 83.3986, -84.6794, -10.5668, 44.81, 27.1818, 8.09065, 10.1292, -35.8317, 0.226921
316,130.606, -9.79529, 63.2605, 28.6139, -38.7412, 9.7942, -33.8977, -66.6014, 15.3206, 139.433, -5.18998, -52.8182, -116.909, -39.8708, 14.1683, -0.773079
317,-119.394, -34.7953, -61.7395, -2.63608, 17.5088, -2.7058, -7.64769, -104.101, 90.3206, 101.933, 32.31, -72.8182, -23.1593, 47.6292, -48.3317, 0.976921
318,80.6063, 65.2047, 38.2605, -127.636, -57.4912, 47.2942, 27.3523, 45.8986, -9.67943, -48.0668, -17.69, 7.18184, -148.159, -2.37085, 1.66829, -0.0230786
319,-19.3937, 15.2047, -11.7395, 59.8639, 55.0088, 22.2942, 9.85231, -29.1014, -59.6794, 176.933, -42.69, -32.8182, 39.3407, -27.3708, -23.3317, -0.523079
320,180.606, -84.7953, 88.2605, -65.1361, -19.9912, -27.7058, -25.1477, 120.899, 40.3206, 26.9332, 7.31002, 47.1818, -85.6593, 22.6292, 26.6683, 0.476921
321,189.981, -61.3578, 5.44797, -82.7142, -72.7255, -3.48705, -10.3821, 137.305, 95.0081, 137.089, -9.09623, -84.0682, -111.05, -28.1521, -27.238, -0.913704
322,-10.0187, 38.6422, -94.552, 42.2858, 2.27445, 46.5129, 24.6179, -12.6952, -4.99193, -12.9106, 40.9038, -4.06816, 13.95, 21.8479, 22.762, 0.0862964
323,-110.019, -11.3578, 55.448, -20.2142, -35.2255, 21.5129, 7.11794, -87.6952, -54.9919, -87.9106, 15.9038, -44.0682, -48.55, -3.1521, -2.23796, -0.413704
324,89.9813, 88.6422, -44.552, -145.214, 39.7745, -28.4871, -27.8821, 62.3048, 45.0081, 62.0894, -34.0962, 35.9318, 76.45, 46.8479, 47.762, 0.586296
325,239.981, 63.6422, 30.448, 73.5358, -53.9755, -40.9871, -1.63206, 24.8048, -79.9919, 24.5894, 3.40377, 15.9318, -79.8, 34.3479, -14.738, 0.336296
326,39.9813, -36.3578, -69.552, -51.4642, 21.0245, 9.01295, -36.6321, -125.195, 20.0081, 174.589, -46.5962, -64.0682, 45.2, -15.6521, 35.262, -0.663704
327,-60.0187, -86.3578, 80.448, -113.964, -16.4755, -15.9871, 15.8679, 99.8048, -29.9919, 99.5894, 28.4038, 55.9318, -17.3, -40.6521, 10.262, 0.836296
328,139.981, 13.6422, -19.552, 11.0358, 58.5245, 34.0129, -19.1321, -50.1952, 70.0081, -50.4106, -21.5962, -24.0682, -142.3, 9.3479, -39.738, -0.163704
329,214.981, 1.14221, -82.052, -129.589, -63.3505, 27.7629, 28.9929, 81.0548, -92.4919, -69.1606, 47.1538, 45.9318, -95.425, 3.0979, 29.012, 0.711296
330,14.9813, -98.8578, 17.948, -4.58921, 11.6495, -22.2371, -6.00706, -68.9452, 7.50807, 80.8394, -2.84623, -34.0682, 29.575, -46.9021, -20.988, -0.288704
331,-85.0187, 51.1422, -32.052, -67.0892, -25.8505, -47.2371, -23.5071, -143.945, -42.4919, 5.83943, -27.8462, -74.0682, -32.925, 28.0979, -45.988, -0.788704
332,114.981, -48.8578, 67.948, 57.9108, 49.1495, 2.76295, 11.4929, 6.05482, 57.5081, 155.839, 22.1538, 5.93184, 92.075, -21.9021, 4.01204, 0.211296
333,-135.019, -73.8578, -57.052, 26.6608, -44.6005, -9.73705, -32.2571, -31.4452, -67.4919, 118.339, -40.3462, -14.0682, -64.175, -34.4021, 41.512, -0.0387036
334,64.9813, 26.1422, 42.948, -98.3392, 30.3995, 40.2629, 2.74294, 118.555, 32.5081, -31.6606, 9.65377, 65.9318, 60.825, 15.5979, -8.48796, 0.961296
335,-35.0187, -23.8578, -7.05203, 89.1608, -7.10055, 15.2629, -14.7571, 43.5548, -17.4919, 193.339, -15.3462, 25.9318, -1.67497, -9.4021, -33.488, 0.461296
336,164.981, 76.1422, 92.948, -35.8392, 67.8995, -34.7371, 20.2429, -106.445, 82.5081, 43.3394, 34.6538, -54.0682, -126.675, 40.5979, 16.512, -0.538704
337,202.481, -30.1078, -38.302, -106.152, 6.96195, -37.8621, 9.30544, -40.8202, -98.7419, 183.964, -30.9712, 60.9318, 21.7625, 37.4729, 0.887036, -0.101204
338,2.48134, 69.8922, 61.698, 18.8483, -68.038, 12.1379, -25.6946, 109.18, 1.25807, 33.9644, 19.0288, -19.0682, -103.237, -12.5271, -49.113, 0.898796
339,-97.5187, 19.8922, 11.698, -43.6517, 44.462, -12.8621, 26.8054, 34.1798, -48.7419, -41.0356, -5.97123, -59.0682, 84.2625, -37.5271, 25.887, 0.398796
340,102.481, -80.1078, -88.302, 81.3483, -30.538, 37.1379, -8.19456, -115.82, 51.2581, 108.964, 44.0288, 20.9318, -40.7375, 12.4729, -24.113, -0.601204
341,-147.519, 94.8922, -13.302, 50.0983, 25.712, 24.6379, 18.0554, 146.68, -73.7419, 71.4644, -18.4712, 0.931845, 53.0125, -0.0270963, 13.387, -0.851204
342,52.4813, -5.10779, 86.698, -74.9017, -49.288, -25.3621, -16.9446, -3.32018, 26.2581, -78.5356, 31.5288, -79.0682, -71.9875, 49.9729, -36.613, 0.148796
343,-47.5187, -55.1078, 36.698, -137.402, 63.212, 49.6379, -34.4446, -78.3202, -23.7419, 146.464, 6.52877, 40.9318, -134.487, 24.9729, 38.387, -0.351204
344,152.481, 44.8922, -63.302, -12.4017, -11.788, -0.362051, 0.555436, 71.6798, 76.2581, -3.53557, -43.4712, -39.0682, -9.48747, -25.0271, -11.613, 0.648796
345,227.481, 32.3922, 74.198, 96.9733, 16.337, -6.61205, -21.3196, -97.0702, -86.2419, -22.2856, 25.2788, 30.9318, 37.3875, -31.2771, -42.863, -0.476204
346,27.4813, -67.6078, -25.802, -28.0267, -58.663, 43.3879, 13.6804, 52.9298, 13.7581, 127.714, -24.7212, -49.0682, -87.6125, 18.7229, 7.13704, 0.523796
347,-72.5187, 82.3922, -75.802, -90.5267, 53.837, 18.3879, -3.81956, -22.0702, -36.2419, 52.7144, -49.7212, -89.0682, 99.8875, -6.2771, -17.863, 0.0237964
348,127.481, -17.6078, 24.198, 34.4733, -21.163, -31.6121, -38.8196, 127.93, 63.7581, -97.2856, 0.278768, -9.06816, -25.1125, 43.7229, 32.137, -0.976204
349,-122.519, -42.6078, 99.198, 3.22329, 35.087, -44.1121, -12.5696, 90.4298, -61.2419, 165.214, 37.7788, -29.0682, 68.6375, 31.2229, -30.363, 0.773796
350,77.4813, 57.3922, -0.802028, -121.777, -39.913, 5.88795, 22.4304, -59.5702, 38.7581, 15.2144, -12.2212, 50.9318, -56.3625, -18.7771, 19.637, -0.226204
351,-22.5187, 7.39221, -50.802, 65.7233, 72.587, -19.1121, 4.93044, -134.57, -11.2419, -59.7856, -37.2212, 10.9318, -118.862, -43.7771, -5.36296, -0.726204
352,177.481, -92.6078, 49.198, -59.2767, -2.41305, 30.8879, -30.0696, 15.4298, 88.7581, 90.2144, 12.7788, -69.0682, 6.13753, 6.2229, 44.637, 0.273796
353,196.231, -45.7328, 83.573, -94.433, 42.1182, -20.6746, -0.538314, 48.2423, -1.86693, 10.5269, -20.0337, -11.5682, -44.6437, 4.6604, 36.8245, -0.507454
354,-3.76866, 54.2672, -16.427, 30.567, -32.8818, 29.3254, -35.5383, -101.758, 98.1331, 160.527, 29.9663, 68.4318, 80.3563, -45.3396, -13.1755, 0.492546
355,-103.769, 4.26721, -66.427, -31.933, -70.3818, 4.32545, 16.9617, 123.242, 48.1331, 85.5269, 4.96627, 28.4318, 17.8563, 29.6604, -38.1755, -0.00745356
356,96.2313, -95.7328, 33.573, 93.067, 4.6182, -45.6746, -18.0383, -26.7577, -51.8669, -64.4731, -45.0337, -51.5682, -107.144, -20.3396, 11.8245, 0.992546
357,246.231, 79.2672, -91.427, 61.817, 60.8682, 41.8254, 8.21169, -64.2577, 23.1331, 198.027, -7.53373, -71.5682, -13.3937, -32.8396, 49.3245, 0.742546
358,46.2313, -20.7328, 8.57297, -63.183, -14.1318, -8.17455, -26.7883, 85.7423, -76.8669, 48.0269, 42.4663, 8.43184, -138.394, 17.1604, -0.675464, -0.257454
359,-53.7687, -70.7328, -41.427, -125.683, -51.6318, -33.1746, 25.7117, 10.7423, 73.1331, -26.9731, 17.4663, -31.5682, 49.1063, -7.8396, -25.6755, -0.757454
360,146.231, 29.2672, 58.573, -0.682959, 23.3682, 16.8254, -9.28831, -139.258, -26.8669, 123.027, -32.5337, 48.4318, -75.8937, 42.1604, 24.3245, 0.242546
361,221.231, 16.7672, -3.92703, -141.308, 51.4932, 10.5754, -31.1633, -8.00768, 10.6331, 104.277, 36.2163, -41.5682, -29.0187, 35.9104, -6.92546, -0.882454
362,21.2313, -83.2328, 96.073, -16.308, -23.5068, -39.4246, 3.83669, 141.992, -89.3669, -45.7231, -13.7837, 38.4318, 95.9813, -14.0896, 43.0745, 0.117546
363,-78.7687, 66.7672, 46.073, -78.808, -61.0068, 35.5754, -13.6633, 66.9923, 60.6331, 179.277, -38.7837, -1.56816, 33.4813, -39.0896, 18.0745, -0.382454
364,121.231, -33.2328, -53.927, 46.192, 13.9932, -14.4246, 21.3367, -83.0077, -39.3669, 29.2769, 11.2163, -81.5682, -91.5187, 10.9104, -31.9255, 0.617546
365,-128.769, -58.2328, 21.073, 14.942, 70.2432, -26.9246, -22.4133, -120.508, 35.6331, -8.22307, 48.7163, 58.4318, 2.23128, -1.5896, 5.57454, 0.367546
366,71.2313, 41.7672, -78.927, -110.058, -4.7568, 23.0754, 12.5867, 29.4923, -64.3669, 141.777, -1.28373, -21.5682, -122.769, 48.4104, -44.4255, -0.632454
367,-28.7687, -8.23279, 71.073, 77.442, -42.2568, -1.92455, -4.91331, -45.5077, 85.6331, 66.7769, -26.2837, -61.5682, 64.7313, 23.4104, 30.5745, 0.867546
368,171.231, 91.7672, -28.927, -47.558, 32.7432, 48.0754, -39.9133, 104.492, -14.3669, -83.2231, 23.7163, 18.4318, -60.2687, -26.5896, -19.4255, -0.132454
369,208.731, -14.4828, 39.823, -117.87, -28.1943, 44.9504, 19.1492, -129.883, 4.38307, 57.4019, -41.9087, -26.5682, 88.1688, -29.7146, -35.0505, 0.305046
370,8.73134, 85.5172, -60.177, 7.12954, 46.8057, -5.04955, -15.8508, 20.1173, -95.6169, -92.5981, 8.09127, 53.4318, -36.8312, 20.2854, 14.9495, -0.694954
371,-91.2687, 35.5172, 89.823, -55.3705, 9.3057, -30.0496, -33.3508, -54.8827, 54.3831, 132.402, -16.9087, 13.4318, -99.3312, -4.7146, -10.0505, 0.805046
372,108.731, -64.4828, -10.177, 69.6295, -65.6943, 19.9504, 1.64919, 95.1173, -45.6169, -17.5981, 33.0913, -66.5682, 25.6688, 45.2854, 39.9495, -0.194954
373,-141.269, -89.4828, 64.823, 38.3795, -9.4443, 7.45045, 27.8992, 57.6173, 29.3831, -55.0981, -29.4087, -86.5682, -130.581, 32.7854, -22.5505, -0.444954
374,58.7313, 10.5172, -35.177, -86.6205, 65.5557, -42.5496, -7.10081, -92.3827, -70.6169, 94.9019, 20.5913, -6.56816, -5.58122, -17.2146, 27.4495, 0.555046
375,-41.2687, -39.4828, -85.177, -149.12, 28.0557, 32.4504, -24.6008, 132.617, 79.3831, 19.9019, -4.40873, -46.5682, -68.0812, -42.2146, 2.44954, 0.0550464
376,158.731, 60.5172, 14.823, -24.1205, -46.9443, -17.5496, 10.3992, -17.3827, -20.6169, 169.902, 45.5913, 33.4318, 56.9188, 7.7854, -47.5505, -0.944954
377,233.731, 48.0172, -47.677, 85.2545, -18.8193, -23.7996, -11.4758, 113.867, 16.8831, 151.152, 14.3413, -56.5682, -146.206, 1.5354, 21.1995, -0.0699536
378,33.7313, -51.9828, 52.323, -39.7455, 56.1807, 26.2004, 23.5242, -36.1327, -83.1169, 1.15193, -35.6587, 23.4318, -21.2062, -48.4646, -28.8005, 0.930046
379,-66.2687, 98.0172, 2.32297, -102.245, 18.6807, 1.20045, 6.02419, -111.133, 66.8831, -73.8481, 39.3413, -16.5682, -83.7062, 26.5354, 46.1995, 0.430046
380,133.731, -1.98279, -97.677, 22.7545, -56.3193, -48.7996, -28.9758, 38.8673, -33.1169, 76.1519, -10.6587, 63.4318, 41.2938, -23.4646, -3.80046, -0.569954
381,-116.269, -26.9828, -22.677, -8.49546, -0.0692993, 38.7004, -2.72581, 1.36732, 41.8831, 38.6519, 26.8413, 43.4318, -114.956, -35.9646, 33.6995, -0.819954
382,83.7313, 73.0172, 77.323, -133.495, 74.9307, -11.2996, -37.7258, -148.633, -58.1169, 188.652, -23.1587, -36.5682, 10.0438, 14.0354, -16.3005, 0.180046
383,-16.2687, 23.0172, 27.323, 54.0045, 37.4307, -36.2996, 14.7742, 76.3673, 91.8831, 113.652, -48.1587, -76.5682, -52.4562, -10.9646, -41.3005, -0.319954
384,183.731, -76.9828, -72.677, -70.9955, -37.5693, 13.7004, -20.2258, -73.6327, -8.11693, -36.3481, 1.84127, 3.43184, 72.5438, 39.0354, 8.69954, 0.680046
385,188.419, 34.736, -14.0833, -79.7845, 11.0635, 25.8098, -12.843, -65.4296, -80.7732, 168.73, -6.36186, 17.8068, 59.8485, -36.3552, -18.2536, 0.984734
386,-11.5812, -65.264, 85.9167, 45.2155, -63.9365, -24.1902, 22.157, 84.5704, 19.2268, 18.7301, 43.6381, -62.1932, -65.1515, 13.6448, 31.7464, -0.0152661
387,-111.581, 84.736, 35.9167, -17.2845, 48.5635, -49.1902, 4.657, 9.57044, -30.7732, -56.2699, 18.6381, 57.8068, -127.652, -11.3552, 6.74641, -0.515266
388,88.4188, -15.264, -64.0833, -142.285, -26.4365, 0.809824, -30.343, -140.43, 69.2268, 93.7301, -31.3619, -22.1932, -2.65154, 38.6448, -43.2536, 0.484734
389,238.419, -40.264, 10.9167, 76.4655, 29.8135, -11.6902, -4.093, 122.07, -55.7732, 56.2301, 6.13814, -42.1932, 91.0985, 26.1448, -5.75359, 0.234734
390,38.4188, 59.736, -89.0833, -48.5345, -45.1865, 38.3098, -39.093, -27.9296, 44.2268, -93.7699, -43.8619, 37.8068, -33.9015, -23.8552, 44.2464, -0.765266
391,-61.5812, 9.73596, 60.9167, -111.035, 67.3135, 13.3098, 13.407, -102.93, -5.77318, 131.23, 31.1381, -2.19316, -96.4015, -48.8552, 19.2464, 0.734734
392,138.419, -90.264, -39.0833, 13.9655, -7.68649, -36.6902, -21.593, 47.0704, 94.2268, -18.7699, -18.8619, -82.1932, 28.5985, 1.14478, -30.7536, -0.265266
393,213.419, 97.236, 98.4167, -126.66, 20.4385, -42.9402, 26.532, -121.68, -68.2732, -37.5199, 49.8881, -12.1932, 75.4735, -5.10522, 37.9964, 0.609734
394,13.4188, -2.76404, -1.58328, -1.65952, -54.5615, 7.05982, -8.468, 28.3204, 31.7268, 112.48, -0.111857, 67.8068, -49.5265, 44.8948, -12.0036, -0.390266
395,-86.5812, -52.764, -51.5833, -64.1595, 57.9385, -17.9402, -25.968, -46.6796, -18.2732, 37.4801, -25.1119, 27.8068, -112.027, 19.8948, -37.0036, -0.890266
396,113.419, 47.236, 48.4167, 60.8405, -17.0615, 32.0598, 9.032, 103.32, 81.7268, 187.48, 24.8881, -52.1932, 12.9735, -30.1052, 12.9964, 0.109734
397,-136.581, 22.236, -76.5833, 29.5905, 39.1885, 19.5598, -34.718, 65.8204, -43.2732, 149.98, -37.6119, -72.1932, -143.277, -42.6052, -49.5036, -0.140266
398,63.4188, -77.764, 23.4167, -95.4095, -35.8115, -30.4402, 0.281999, -84.1796, 56.7268, -0.0199437, 12.3881, 7.80684, -18.2765, 7.39478, 0.496411, 0.859734
399,-36.5812, 72.236, -26.5833, 92.0905, -73.3115, 44.5598, -17.218, 140.82, 6.72682, -75.0199, -12.6119, -32.1932, -80.7765, -17.6052, -24.5036, 0.359734
400,163.419, -27.764, 73.4167, -32.9095, 1.68851, -5.44018, 17.782, -9.17956, -93.2732, 74.9801, 37.3881, 47.8068, 44.2235, 32.3948, 25.4964, -0.640266
401,200.919, 65.986, -57.8333, -103.222, -59.249, -8.56518, 6.8445, 56.4454, -74.5232, -84.3949, -28.2369, 2.80684, -57.339, 29.2698, 9.87141, -0.202766
402,0.918841, -34.014, 42.1667, 21.778, 15.751, 41.4348, -28.1555, -93.5546, 25.4768, 65.6051, 21.7631, -77.1932, 67.661, -20.7302, -40.1286, 0.797234
403,-99.0812, -84.014, -7.83328, -40.722, -21.749, 16.4348, 24.3445, 131.445, -24.5232, -9.39494, -3.23686, 42.8068, 5.16096, -45.7302, 34.8714, 0.297234
404,100.919, 15.986, 92.1667, 84.278, 53.251, -33.5652, -10.6555, -18.5546, 75.4768, 140.605, 46.7631, -37.1932, -119.839, 4.26978, -15.1286, -0.702766
405,-149.081, -9.01404, -32.8333, 53.028, -40.499, -46.0652, 15.5945, -56.0546, -49.5232, 103.105, -15.7369, -57.1932, -26.089, -8.23022, 22.3714, -0.952766
406,50.9188, 90.986, 67.1667, -71.972, 34.501, 3.93482, -19.4055, 93.9454, 50.4768, -46.8949, 34.2631, 22.8068, 98.911, 41.7698, -27.6286, 0.0472339
407,-49.0812, 40.986, 17.1667, -134.472, -2.99899, -21.0652, -36.9055, 18.9454, 0.476819, 178.105, 9.26314, -17.1932, 36.411, 16.7698, 47.3714, -0.452766
408,150.919, -59.014, -82.8333, -9.47202, 72.001, 28.9348, -1.9055, -131.055, -99.5232, 28.1051, -40.7369, 62.8068, -88.589, -33.2302, -2.62859, 0.547234
409,225.919, -71.514, 54.6667, 99.903, -49.874, 22.6848, -23.7805, 0.195444, -62.0232, 9.35506, 28.0131, -27.1932, -41.714, -39.4802, -33.8786, -0.577766
410,25.9188, 28.486, -45.3333, -25.097, 25.126, -27.3152, 11.2195, -149.805, 37.9768, 159.355, -21.9869, 52.8068, 83.286, 10.5198, 16.1214, 0.422234
411,-74.0812, -21.514, -95.3333, -87.597, -12.374, 47.6848, -6.2805, 75.1954, -12.0232, 84.3551, -46.9869, 12.8068, 20.786, -14.4802, -8.87859, -0.0777661
412,125.919, 78.486, 4.66672, 37.403, 62.626, -2.31518, 28.7195, -74.8046, 87.9768, -65.6449, 3.01314, -67.1932, -104.214, 35.5198, 41.1214, 0.922234
413,-124.081, 53.486, 79.6667, 6.15298, -31.124, -14.8152, -15.0305, -112.305, -37.0232, 196.855, 40.5131, -87.1932, -10.464, 23.0198, -21.3786, 0.672234
414,75.9188, -46.514, -20.3333, -118.847, 43.876, 35.1848, 19.9695, 37.6954, 62.9768, 46.8551, -9.48686, -7.19316, -135.464, -26.9802, 28.6214, -0.327766
415,-24.0812, -96.514, -70.3333, 68.653, 6.37601, 10.1848, 2.4695, -37.3046, 12.9768, -28.1449, -34.4869, -47.1932, 52.036, 48.0198, 3.62141, -0.827766
416,175.919, 3.48596, 29.6667, -56.347, -68.624, -39.8152, -32.5305, 112.695, -87.0232, 121.855, 15.5131, 32.8068, -72.964, -1.98022, -46.3786, 0.172234
417,194.669, 50.361, 64.0417, -91.5033, -24.0927, 8.62232, -2.99925, 145.508, 22.3518, 42.1676, -17.2994, -69.6932, -123.745, -3.54272, 45.8089, -0.609016
418,-5.33116, -49.639, -35.9583, 33.4967, 50.9073, -41.3777, -37.9993, -4.49206, -77.6482, 192.168, 32.7006, 10.3068, 1.25471, 46.4573, -4.19109, 0.390984
419,-105.331, -99.639, -85.9583, -29.0033, 13.4073, 33.6223, 14.5007, -79.4921, 72.3518, 117.168, 7.70064, -29.6932, -61.2453, 21.4573, -29.1911, -0.109016
420,94.6688, 0.36096, 14.0417, 95.9967, -61.5927, -16.3777, -20.4993, 70.5079, -27.6482, -32.8324, -42.2994, 50.3068, 63.7547, -28.5427, 20.8089, 0.890984
421,244.669, -24.639, 89.0417, 64.7467, -5.34274, -28.8777, 5.75075, 33.0079, 47.3518, -70.3324, -4.79936, 30.3068, -92.4953, -41.0427, -41.6911, 0.640984
422,44.6688, 75.361, -10.9583, -60.2533, 69.6573, 21.1223, -29.2493, -116.992, -52.6482, 79.6676, 45.2006, -49.6932, 32.5047, 8.95728, 8.30891, -0.359016
423,-55.3312, 25.361, -60.9583, -122.753, 32.1573, -3.87768, 23.2507, 108.008, 97.3518, 4.66756, 20.2006, -89.6932, -29.9953, -16.0427, -16.6911, -0.859016
424,144.669, -74.639, 39.0417, 2.24673, -42.8427, 46.1223, -11.7493, -41.9921, -2.64818, 154.668, -29.7994, -9.69316, 95.0047, 33.9573, 33.3089, 0.140984
425,219.669, -87.139, -23.4583, -138.378, -14.7177, 39.8723, -33.6243, 89.2579, 34.8518, 135.918, 38.9506, 60.3068, -108.12, 27.7073, 2.05891, -0.984016
426,19.6688, 12.861, 76.5417, -13.3783, 60.2823, -10.1277, 1.37575, -60.7421, -65.1482, -14.0824, -11.0494, -19.6932, 16.8797, -22.2927, -47.9411, 0.0159839
427,-80.3312, -37.139, 26.5417, -75.8783, 22.7823, -35.1277, -16.1243, -135.742, 84.8518, -89.0824, -36.0494, -59.6932, -45.6203, -47.2927, 27.0589, -0.484016
428,119.669, 62.861, -73.4583, 49.1217, -52.2177, 14.8723, 18.8757, 14.2579, -15.1482, 60.9176, 13.9506, 20.3068, 79.3797, 2.70728, -22.9411, 0.515984
429,-130.331, 37.861, 1.54172, 17.8717, 4.03226, 2.37232, -24.8743, -23.2421, 59.8518, 23.4176, -48.5494, 0.306845, -76.8703, -9.79272, 14.5589, 0.265984
430,69.6688, -62.139, -98.4583, -107.128, -70.9677, -47.6277, 10.1257, 126.758, -40.1482, 173.418, 1.45064, -79.6932, 48.1297, 40.2073, -35.4411, -0.734016
431,-30.3312, 87.861, 51.5417, 80.3717, 41.5323, 27.3723, -7.37425, 51.7579, -90.1482, 98.4176, -23.5494, 40.3068, -14.3703, 15.2073, 39.5589, 0.765984
432,169.669, -12.139, -48.4583, -44.6283, -33.4677, -22.6277, 27.6257, -98.2421, 9.85182, -51.5824, 26.4506, -39.6932, -139.37, -34.7927, -10.4411, -0.234016
433,207.169, 81.611, 20.2917, -114.941, 55.5948, -25.7527, 16.6882, -32.6171, 28.6018, 89.0426, -39.1744, -84.6932, 9.06721, -37.9177, -26.0661, 0.203484
434,7.16884, -18.389, -79.7083, 10.0592, -19.4052, 24.2473, -18.3118, 117.383, -71.3982, -60.9574, 10.8256, -4.69316, -115.933, 12.0823, 23.9339, -0.796516
435,-92.8312, -68.389, 70.2917, -52.4408, -56.9052, -0.752676, -35.8118, 42.3829, 78.6018, 164.043, -14.1744, -44.6932, 71.5672, -12.9177, -1.06609, 0.703484
436,107.169, 31.611, -29.7083, 72.5592, 18.0948, 49.2473, -0.811751, -107.617, -21.3982, 14.0426, 35.8256, 35.3068, -53.4328, 37.0823, 48.9339, -0.296516
437,-142.831, 6.61096, 45.2917, 41.3092, 74.3448, 36.7473, 25.4382, -145.117, 53.6018, -23.4574, -26.6744, 15.3068, 40.3172, 24.5823, -13.5661, -0.546516
438,57.1688, -93.389, -54.7083, -83.6908, -0.655237, -13.2527, -9.56175, 4.88294, -46.3982, 126.543, 23.3256, -64.6932, -84.6828, -25.4177, 36.4339, 0.453484
439,-42.8312, 56.611, 95.2917, -146.191, -38.1552, -38.2527, -27.0618, -70.1171, -96.3982, 51.5426, -1.67436, 55.3068, -147.183, 49.5823, 11.4339, -0.0465161
440,157.169, -43.389, -4.70828, -21.1908, 36.8448, 11.7473, 7.93825, 79.8829, 3.60182, -98.4574, 48.3256, -24.6932, -22.1828, -0.417721, -38.5661, 0.953484
441,232.169, -55.889, -67.2083, 88.1842, 64.9698, 5.49732, -13.9368, -88.8671, 41.1018, 182.793, 17.0756, 45.3068, 24.6922, -6.66772, 30.1839, -0.171516
442,32.1688, 44.111, 32.7917, -36.8158, -10.0302, -44.5027, 21.0632, 61.1329, -58.8982, 32.7926, -32.9244, -34.6932, -100.308, 43.3323, -19.8161, 0.828484
443,-67.8312, -5.88904, -17.2083, -99.3158, -47.5302, 30.4973, 3.56325, -13.8671, 91.1018, -42.2074, 42.0756, -74.6932, 87.1922, 18.3323, -44.8161, 0.328484
444,132.169, 94.111, 82.7917, 25.6842, 27.4698, -19.5027, -31.4368, 136.133, -8.89818, 107.793, -7.92436, 5.30684, -37.8078, -31.6677, 5.18391, -0.671516
445,-117.831, 69.111, -42.2083, -5.56577, -66.2802, -32.0027, -5.18675, 98.6329, 66.1018, 70.2926, 29.5756, -14.6932, 55.9422, -44.1677, 42.6839, -0.921516
446,82.1688, -30.889, 57.7917, -130.566, 8.71976, 17.9973, 29.8132, -51.3671, -33.8982, -79.7074, -20.4244, 65.3068, -69.0578, 5.83228, -7.31609, 0.0784839
447,-17.8312, -80.889, 7.79172, 56.9342, -28.7802, -7.00268, 12.3132, -126.367, -83.8982, 145.293, -45.4244, 25.3068, -131.558, -19.1677, -32.3161, -0.421516
448,182.169, 19.111, -92.2083, -68.0658, 46.2198, 42.9973, -22.6868, 23.6329, 16.1018, -4.70744, 4.57564, -54.6932, -6.55779, 30.8323, 17.6839, 0.578484
449,191.544, 42.5485, 24.9792, -85.6439, -6.51461, -32.7839, -7.92113, 40.0392, 70.7893, 105.449, -11.8306, -25.9432, -31.9484, -19.949, -36.2223, -0.812141
450,-8.45616, -57.4515, -75.0208, 39.3561, 68.4854, 17.2161, 27.0789, -109.961, -29.2107, -44.5512, 38.1694, 54.0568, 93.0516, 30.051, 13.7777, 0.187859
451,-108.456, 92.5485, 74.9792, -23.1439, 30.9854, -7.78393, 9.57887, 115.039, -79.2107, 180.449, 13.1694, 14.0568, 30.5516, 5.05103, -11.2223, -0.312141
452,91.5438, -7.45154, -25.0208, -148.144, -44.0146, 42.2161, -25.4211, -34.9608, 20.7893, 30.4488, -36.8306, -65.9432, -94.4484, -44.949, 38.7777, 0.687859
453,241.544, -32.4515, 49.9792, 70.6061, 12.2354, 29.7161, 0.828874, -72.4608, 95.7893, -7.05119, 0.669393, -85.9432, -0.698411, 42.551, -23.7223, 0.437859
454,41.5438, 67.5485, -50.0208, -54.3939, -62.7646, -20.2839, -34.1711, 77.5392, -4.21068, 142.949, -49.3306, -5.94316, -125.698, -7.44897, 26.2777, -0.562141
455,-58.4562, 17.5485, 99.9792, -116.894, 49.7354, -45.2839, 18.3289, 2.53919, -54.2107, 67.9488, 25.6694, -45.9432, 61.8016, -32.449, 1.27766, 0.937859
456,141.544, -82.4515, -0.0207782, 8.1061, -25.2646, 4.71607, -16.6711, -147.461, 45.7893, -82.0512, -24.3306, 34.0568, -63.1984, 17.551, -48.7223, -0.0621411
457,216.544, -94.9515, -62.5208, -132.519, 2.86039, -1.53393, -38.5461, -16.2108, 83.2893, 199.199, 44.4194, -55.9432, -16.3234, 11.301, 20.0277, 0.812859
458,16.5438, 5.04846, 37.4792, -7.5189, -72.1396, 48.4661, -3.54613, 133.789, -16.7107, 49.1988, -5.58061, 24.0568, -141.323, -38.699, -29.9723, -0.187141
459,-83.4562, -44.9515, -12.5208, -70.0189, 40.3604, 23.4661, -21.0461, 58.7892, -66.7107, -25.8012, -30.5806, -15.9432, 46.1766, 36.301, 45.0277, -0.687141
460,116.544, 55.0485, 87.4792, 54.9811, -34.6396, -26.5339, 13.9539, -91.2108, 33.2893, 124.199, 19.4194, 64.0568, -78.8234, -13.699, -4.97234, 0.312859
461,-133.456, 30.0485, -37.5208, 23.7311, 21.6104, -39.0339, -29.7961, -128.711, -91.7107, 86.6988, -43.0806, 44.0568, 14.9266, -26.199, 32.5277, 0.0628589
462,66.5438, -69.9515, 62.4792, -101.269, -53.3896, 10.9661, 5.20387, 21.2892, 8.28932, -63.3012, 6.91939, -35.9432, -110.073, 23.801, -17.4723, -0.937141
463,-33.4562, 80.0485, 12.4792, 86.2311, 59.1104, -14.0339, -12.2961, -53.7108, -41.7107, 161.699, -18.0806, -75.9432, 77.4266, -1.19897, -42.4723, 0.562859
464,166.544, -19.9515, -87.5208, -38.7689, -15.8896, 35.9661, 22.7039, 96.2892, 58.2893, 11.6988, 31.9194, 4.05684, -47.5734, 48.801, 7.52766, -0.437141
465,204.044, 73.7985, -18.7708, -109.081, 73.1729, 32.8411, 11.7664, -138.086, 77.0393, 152.324, -33.7056, -40.9432, -149.136, 45.676, -8.09734, 0.000358939
466,4.04384, -26.2015, 81.2292, 15.9186, -1.82711, -17.1589, -23.2336, 11.9142, -22.9607, 2.32381, 16.2944, 39.0568, -24.1359, -4.32397, 41.9027, -0.999641
467,-95.9562, -76.2015, 31.2292, -46.5814, -39.3271, -42.1589, 29.2664, -63.0858, -72.9607, -72.6762, -8.70561, -0.943155, -86.6359, -29.324, 16.9027, 0.500359
468,104.044, 23.7985, -68.7708, 78.4186, 35.6729, 7.84107, -5.73363, 86.9142, 27.0393, 77.3238, 41.2944, -80.9432, 38.3641, 20.676, -33.0973, -0.499641
469,-145.956, -1.20154, 6.22922, 47.1686, -58.0771, -4.65893, 20.5164, 49.4142, -97.9607, 39.8238, -21.2056, 59.0568, -117.886, 8.17603, 4.40266, -0.749641
470,54.0438, 98.7985, -93.7708, -77.8314, 16.9229, 45.3411, -14.4836, -100.586, 2.03932, 189.824, 28.7944, -20.9432, 7.11409, -41.824, -45.5973, 0.250359
471,-45.9562, 48.7985, 56.2292, -140.331, -20.5771, 20.3411, -31.9836, 124.414, -47.9607, 114.824, 3.79439, -60.9432, -55.3859, 33.176, 29.4027, -0.249641
472,154.044, -51.2015, -43.7708, -15.3314, 54.4229, -29.6589, 3.01637, -25.5858, 52.0393, -35.1762, -46.2056, 19.0568, 69.6141, -16.824, -20.5973, 0.750359
473,229.044, -63.7015, 93.7292, 94.0436, -67.4521, -35.9089, -18.8586, 105.664, 89.5393, -53.9262, 22.5444, -70.9432, -133.511, -23.074, 48.1527, -0.374641
474,29.0438, 36.2985, -6.27078, -30.9564, 7.54789, 14.0911, 16.1414, -44.3358, -10.4607, 96.0738, -27.4556, 9.05684, -8.51091, 26.926, -1.84734, 0.625359
475,-70.9562, -13.7015, -56.2708, -93.4564, -29.9521, -10.9089, -1.35863, -119.336, -60.4607, 21.0738, 47.5444, -30.9432, -71.0109, 1.92603, -26.8473, 0.125359
476,129.044, 86.2985, 43.7292, 31.5436, 45.0479, 39.0911, -36.3586, 30.6642, 39.5393, 171.074, -2.45561, 49.0568, 53.9891, -48.074, 23.1527, -0.874641
477,-120.956, 61.2985, -81.2708, 0.293604, -48.7021, 26.5911, -10.1086, -6.83581, -85.4607, 133.574, 35.0444, 29.0568, -102.261, 39.426, -39.3473, 0.875359
478,79.0438, -38.7015, 18.7292, -124.706, 26.2979, -23.4089, 24.8914, 143.164, 14.5393, -16.4262, -14.9556, -50.9432, 22.7391, -10.574, 10.6527, -0.124641
479,-20.9562, -88.7015, -31.2708, 62.7936, -11.2021, -48.4089, 7.39137, 68.1642, -35.4607, -91.4262, -39.9556, 69.0568, -39.7609, -35.574, -14.3473, -0.624641
480,179.044, 11.2985, 68.7292, -62.2064, 63.7979, 1.59107, -27.6086, -81.8358, 64.5393, 58.5738, 10.0444, -10.9432, 85.2391, 14.426, 35.6527, 0.375359
481,197.794, 58.1735, -96.8958, -97.3626, -41.6709, -49.9714, 1.92262, -49.0233, -26.0857, -21.1137, -22.7681, 46.5568, 34.4578, 12.8635, 27.8402, -0.405891
482,-2.20616, -41.8265, 3.10422, 27.6374, 33.3291, 0.0285745, -33.0774, 100.977, 73.9143, 128.886, 27.2319, -33.4432, -90.5422, -37.1365, -22.1598, 0.594109
483,-102.206, -91.8265, -46.8958, -34.8626, -4.17086, -24.9714, 19.4226, 25.9767, 23.9143, 53.8863, 2.23189, -73.4432, 96.9578, 37.8635, -47.1598, 0.0941089
484,97.7938, 8.17346, 53.1042, 90.1374, 70.8291, 25.0286, -15.5774, -124.023, -76.0857, -96.1137, -47.7681, 6.55684, -28.0422, -12.1365, 2.84016, -0.905891
485,247.794, -16.8265, -71.8958, 58.8874, -22.9209, 12.5286, 10.6726, 138.477, -1.08568, 166.386, -10.2681, -13.4432, 65.7078, -24.6365, 40.3402, 0.844109
486,47.7938, 83.1735, 28.1042, -66.1126, 52.0791, -37.4714, -24.3274, -11.5233, 98.9143, 16.3863, 39.7319, 66.5568, -59.2922, 25.3635, -9.65984, -0.155891
487,-52.2062, 33.1735, -21.8958, -128.613, 14.5791, 37.5286, 28.1726, -86.5233, 48.9143, -58.6137, 14.7319, 26.5568, -121.792, 0.363529, -34.6598, -0.655891
488,147.794, -66.8265, 78.1042, -3.61265, -60.4209, -12.4714, -6.82738, 63.4767, -51.0857, 91.3863, -35.2681, -53.4432, 3.20784, -49.6365, 15.3402, 0.344109
489,222.794, -79.3265, 15.6042, -144.238, -32.2959, -18.7214, -28.7024, -105.273, -13.5857, 72.6363, 33.4819, 16.5568, 50.0828, 44.1135, -15.9098, -0.780891
490,22.7938, 20.6735, -84.3958, -19.2376, 42.7041, 31.2786, 6.29762, 44.7267, 86.4143, -77.3637, -16.5181, -63.4432, -74.9172, -5.88647, 34.0902, 0.219109
491,-77.2062, -29.3265, 65.6042, -81.7376, 5.20414, 6.27857, -11.2024, -30.2733, 36.4143, 147.636, -41.5181, 56.5568, -137.417, -30.8865, 9.09016, -0.280891
492,122.794, 70.6735, -34.3958, 43.2624, -69.7959, -43.7214, 23.7976, 119.727, -63.5857, -2.36369, 8.48189, -23.4432, -12.4172, 19.1135, -40.9098, 0.719109
493,-127.206, 45.6735, 40.6042, 12.0124, -13.5459, 43.7786, -19.9524, 82.2267, 11.4143, -39.8637, 45.9819, -43.4432, 81.3328, 6.61353, -3.40984, 0.469109
494,72.7938, -54.3265, -59.3958, -112.988, 61.4541, -6.22143, 15.0476, -67.7733, -88.5857, 110.136, -4.01811, 36.5568, -43.6672, -43.3865, 46.5902, -0.530891
495,-27.2062, 95.6735, 90.6042, 74.5124, 23.9541, -31.2214, -2.45238, -142.773, 61.4143, 35.1363, -29.0181, -3.44316, -106.167, 31.6135, 21.5902, 0.969109
496,172.794, -4.32654, -9.39578, -50.4876, -51.0459, 18.7786, -37.4524, 7.22669, -38.5857, 185.136, 20.9819, -83.4432, 18.8328, -18.3865, -28.4098, -0.0308911
497,210.294, 89.4235, 59.3542, -120.8, 38.0166, 15.6536, 21.6101, 72.8517, -19.8357, 25.7613, -44.6431, 31.5568, -82.7297, -21.5115, -44.0348, 0.406609
498,10.2938, -10.5765, -40.6458, 4.19985, -36.9834, -34.3464, -13.3899, -77.1483, 80.1643, 175.761, 5.35689, -48.4432, 42.2703, 28.4885, 5.96516, -0.593391
499,-89.7062, -60.5765, -90.6458, -58.3001, -74.4834, 40.6536, -30.8899, 147.852, 30.1643, 100.761, -19.6431, -88.4432, -20.2297, 3.48853, -19.0348, 0.906609
500,110.294, 39.4235, 9.35422, 66.6999, 0.516638, -9.34643, 4.11012, -2.14831, -69.8357, -49.2387, 30.3569, -8.44316, -145.23, -46.5115, 30.9652, -0.0933911
